{
    "dataset_name": "citeseer_fixed_sbert_3_159",
    "AdONE": {
        "auc_mean": 0.5292057021398607,
        "auc_max": 0.5292057021398607,
        "auc_min": 0.5292057021398607,
        "avg_precision_mean": 0.05219310776614594,
        "avg_precision_max": 0.05219310776614594,
        "avg_precision_min": 0.05219310776614594,
        "f1_score_mean": 0.06694560669456066,
        "f1_score_max": 0.06694560669456066,
        "f1_score_min": 0.06694560669456066,
        "precision_at_k_mean": 0.0,
        "precision_at_k_max": 0.0,
        "precision_at_k_min": 0.0,
        "recall_at_k_mean": 0.0,
        "recall_at_k_max": 0.0,
        "recall_at_k_min": 0.0
    },
    "ANOMALOUS": {
        "auc_mean": 0.519024793628829,
        "auc_max": 0.519024793628829,
        "auc_min": 0.519024793628829,
        "avg_precision_mean": 0.05261391178109728,
        "avg_precision_max": 0.05261391178109728,
        "avg_precision_min": 0.05261391178109728,
        "f1_score_mean": 0.06276150627615062,
        "f1_score_max": 0.06276150627615062,
        "f1_score_min": 0.06276150627615062,
        "precision_at_k_mean": 0.0,
        "precision_at_k_max": 0.0,
        "precision_at_k_min": 0.0,
        "recall_at_k_mean": 0.0,
        "recall_at_k_max": 0.0,
        "recall_at_k_min": 0.0
    },
    "AnomalyDAE": {
        "auc_mean": 0.56733424338189,
        "auc_max": 0.56733424338189,
        "auc_min": 0.56733424338189,
        "avg_precision_mean": 0.06572042455680299,
        "avg_precision_max": 0.06572042455680299,
        "avg_precision_min": 0.06572042455680299,
        "f1_score_mean": 0.09655172413793103,
        "f1_score_max": 0.09655172413793103,
        "f1_score_min": 0.09655172413793103,
        "precision_at_k_mean": 0.0,
        "precision_at_k_max": 0.0,
        "precision_at_k_min": 0.0,
        "recall_at_k_mean": 0.0,
        "recall_at_k_max": 0.0,
        "recall_at_k_min": 0.0
    },
    "CoLA": {
        "auc_mean": 0.5912095127084749,
        "auc_max": 0.5912095127084749,
        "auc_min": 0.5912095127084749,
        "avg_precision_mean": 0.06755563625635483,
        "avg_precision_max": 0.06755563625635483,
        "avg_precision_min": 0.06755563625635483,
        "f1_score_mean": 0.12448132780082988,
        "f1_score_max": 0.12448132780082988,
        "f1_score_min": 0.12448132780082988,
        "precision_at_k_mean": 0.0,
        "precision_at_k_max": 0.0,
        "precision_at_k_min": 0.0,
        "recall_at_k_mean": 0.0,
        "recall_at_k_max": 0.0,
        "recall_at_k_min": 0.0
    },
    "CONAD": {
        "auc_mean": 0.46482496109438537,
        "auc_max": 0.46482496109438537,
        "auc_min": 0.46482496109438537,
        "avg_precision_mean": 0.04850706493018063,
        "avg_precision_max": 0.04850706493018063,
        "avg_precision_min": 0.04850706493018063,
        "f1_score_mean": 0.07547169811320754,
        "f1_score_max": 0.07547169811320754,
        "f1_score_min": 0.07547169811320754,
        "precision_at_k_mean": 0.0,
        "precision_at_k_max": 0.0,
        "precision_at_k_min": 0.0,
        "recall_at_k_mean": 0.0,
        "recall_at_k_max": 0.0,
        "recall_at_k_min": 0.0
    },
    "DOMINANT": {
        "auc_mean": 0.4843162065519341,
        "auc_max": 0.4843162065519341,
        "auc_min": 0.4843162065519341,
        "avg_precision_mean": 0.05008056371217483,
        "avg_precision_max": 0.05008056371217483,
        "avg_precision_min": 0.05008056371217483,
        "f1_score_mean": 0.08421052631578947,
        "f1_score_max": 0.08421052631578947,
        "f1_score_min": 0.08421052631578947,
        "precision_at_k_mean": 0.0,
        "precision_at_k_max": 0.0,
        "precision_at_k_min": 0.0,
        "recall_at_k_mean": 0.0,
        "recall_at_k_max": 0.0,
        "recall_at_k_min": 0.0
    },
    "DONE": {
        "auc_mean": 0.5038656286295458,
        "auc_max": 0.5038656286295458,
        "auc_min": 0.5038656286295458,
        "avg_precision_mean": 0.058037667201797795,
        "avg_precision_max": 0.058037667201797795,
        "avg_precision_min": 0.058037667201797795,
        "f1_score_mean": 0.0794979079497908,
        "f1_score_max": 0.0794979079497908,
        "f1_score_min": 0.0794979079497908,
        "precision_at_k_mean": 0.10000000149011612,
        "precision_at_k_max": 0.10000000149011612,
        "precision_at_k_min": 0.10000000149011612,
        "recall_at_k_mean": 0.012578615918755531,
        "recall_at_k_max": 0.012578615918755531,
        "recall_at_k_min": 0.012578615918755531
    },
    "GAE": {
        "auc_mean": 0.6877847797495495,
        "auc_max": 0.6877847797495495,
        "auc_min": 0.6877847797495495,
        "avg_precision_mean": 0.0939756202430163,
        "avg_precision_max": 0.0939756202430163,
        "avg_precision_min": 0.0939756202430163,
        "f1_score_mean": 0.1574468085106383,
        "f1_score_max": 0.1574468085106383,
        "f1_score_min": 0.1574468085106383,
        "precision_at_k_mean": 0.05000000074505806,
        "precision_at_k_max": 0.05000000074505806,
        "precision_at_k_min": 0.05000000074505806,
        "recall_at_k_mean": 0.006289307959377766,
        "recall_at_k_max": 0.006289307959377766,
        "recall_at_k_min": 0.006289307959377766
    },
    "OCGNN": {
        "auc_mean": 0.5105164629446096,
        "auc_max": 0.5105164629446096,
        "auc_min": 0.5105164629446096,
        "avg_precision_mean": 0.051041408043498104,
        "avg_precision_max": 0.051041408043498104,
        "avg_precision_min": 0.051041408043498104,
        "f1_score_mean": 0.0502092050209205,
        "f1_score_max": 0.0502092050209205,
        "f1_score_min": 0.0502092050209205,
        "precision_at_k_mean": 0.10000000149011612,
        "precision_at_k_max": 0.10000000149011612,
        "precision_at_k_min": 0.10000000149011612,
        "recall_at_k_mean": 0.012578615918755531,
        "recall_at_k_max": 0.012578615918755531,
        "recall_at_k_min": 0.012578615918755531
    },
    "ONE": {
        "auc_mean": 0.49020035612402424,
        "auc_max": 0.49020035612402424,
        "auc_min": 0.49020035612402424,
        "avg_precision_mean": 0.04881931433934462,
        "avg_precision_max": 0.04881931433934462,
        "avg_precision_min": 0.04881931433934462,
        "f1_score_mean": 0.06694560669456066,
        "f1_score_max": 0.06694560669456066,
        "f1_score_min": 0.06694560669456066,
        "precision_at_k_mean": 0.0,
        "precision_at_k_max": 0.0,
        "precision_at_k_min": 0.0,
        "recall_at_k_mean": 0.0,
        "recall_at_k_max": 0.0,
        "recall_at_k_min": 0.0
    },
    "Radar": {
        "auc_mean": 0.4981497757083523,
        "auc_max": 0.4981497757083523,
        "auc_min": 0.4981497757083523,
        "avg_precision_mean": 0.04709373973700176,
        "avg_precision_max": 0.04709373973700176,
        "avg_precision_min": 0.04709373973700176,
        "f1_score_mean": 0.029288702928870293,
        "f1_score_max": 0.029288702928870293,
        "f1_score_min": 0.029288702928870293,
        "precision_at_k_mean": 0.0,
        "precision_at_k_max": 0.0,
        "precision_at_k_min": 0.0,
        "recall_at_k_mean": 0.0,
        "recall_at_k_max": 0.0,
        "recall_at_k_min": 0.0
    },
    "experiment_result": [
        {
            "random_seed": 42,
            "AdONE": {
                "auc_score": 0.5292057021398607,
                "avg_precision": 0.05219310776614594,
                "f1_score": 0.06694560669456066,
                "precision_at_k": 0.0,
                "recall_at_k": 0.0
            },
            "ANOMALOUS": {
                "auc_score": 0.519024793628829,
                "avg_precision": 0.05261391178109728,
                "f1_score": 0.06276150627615062,
                "precision_at_k": 0.0,
                "recall_at_k": 0.0
            },
            "AnomalyDAE": {
                "auc_score": 0.56733424338189,
                "avg_precision": 0.06572042455680299,