{
    "dataset_name": "citeseer_fixed_sbert_4_159",
    "AdONE": {
        "auc_mean": 0.5434776736831826,
        "auc_max": 0.5434776736831826,
        "auc_min": 0.5434776736831826,
        "avg_precision_mean": 0.05169063098703178,
        "avg_precision_max": 0.05169063098703178,
        "avg_precision_min": 0.05169063098703178,
        "f1_score_mean": 0.03347280334728033,
        "f1_score_max": 0.03347280334728033,
        "f1_score_min": 0.03347280334728033,
        "precision_at_k_mean": 0.05000000074505806,
        "precision_at_k_max": 0.05000000074505806,
        "precision_at_k_min": 0.05000000074505806,
        "recall_at_k_mean": 0.006289307959377766,
        "recall_at_k_max": 0.006289307959377766,
        "recall_at_k_min": 0.006289307959377766
    },
    "ANOMALOUS": {
        "auc_mean": 0.502303170833567,
        "auc_max": 0.502303170833567,
        "auc_min": 0.502303170833567,
        "avg_precision_mean": 0.05046768947406293,
        "avg_precision_max": 0.05046768947406293,
        "avg_precision_min": 0.05046768947406293,
        "f1_score_mean": 0.02510460251046025,
        "f1_score_max": 0.02510460251046025,
        "f1_score_min": 0.02510460251046025,
        "precision_at_k_mean": 0.10000000149011612,
        "precision_at_k_max": 0.10000000149011612,
        "precision_at_k_min": 0.10000000149011612,
        "recall_at_k_mean": 0.012578615918755531,
        "recall_at_k_max": 0.012578615918755531,
        "recall_at_k_min": 0.012578615918755531
    },
    "AnomalyDAE": {
        "auc_mean": 0.7323688480821454,
        "auc_max": 0.7323688480821454,
        "auc_min": 0.7323688480821454,
        "avg_precision_mean": 0.08908014321865787,
        "avg_precision_max": 0.08908014321865787,
        "avg_precision_min": 0.08908014321865787,
        "f1_score_mean": 0.05693950177935943,
        "f1_score_max": 0.05693950177935943,
        "f1_score_min": 0.05693950177935943,
        "precision_at_k_mean": 0.0,
        "precision_at_k_max": 0.0,
        "precision_at_k_min": 0.0,
        "recall_at_k_mean": 0.0,
        "recall_at_k_max": 0.0,
        "recall_at_k_min": 0.0
    },
    "CoLA": {
        "auc_mean": 0.6535270614781432,
        "auc_max": 0.6535270614781432,
        "auc_min": 0.6535270614781432,
        "avg_precision_mean": 0.09032778972330721,
        "avg_precision_max": 0.09032778972330721,
        "avg_precision_min": 0.09032778972330721,
        "f1_score_mean": 0.13852813852813853,
        "f1_score_max": 0.13852813852813853,
        "f1_score_min": 0.13852813852813853,
        "precision_at_k_mean": 0.20000000298023224,
        "precision_at_k_max": 0.20000000298023224,
        "precision_at_k_min": 0.20000000298023224,
        "recall_at_k_mean": 0.025157231837511063,
        "recall_at_k_max": 0.025157231837511063,
        "recall_at_k_min": 0.025157231837511063
    },
    "CONAD": {
        "auc_mean": 0.6057308126234955,
        "auc_max": 0.6057308126234955,
        "auc_min": 0.6057308126234955,
        "avg_precision_mean": 0.06449503487044045,
        "avg_precision_max": 0.06449503487044045,
        "avg_precision_min": 0.06449503487044045,
        "f1_score_mean": 0.08786610878661087,
        "f1_score_max": 0.08786610878661087,
        "f1_score_min": 0.08786610878661087,
        "precision_at_k_mean": 0.0,
        "precision_at_k_max": 0.0,
        "precision_at_k_min": 0.0,
        "recall_at_k_mean": 0.0,
        "recall_at_k_max": 0.0,
        "recall_at_k_min": 0.0
    },
    "DOMINANT": {
        "auc_mean": 0.6115962625677083,
        "auc_max": 0.6115962625677083,
        "auc_min": 0.6115962625677083,
        "avg_precision_mean": 0.0656829475894105,
        "avg_precision_max": 0.0656829475894105,
        "avg_precision_min": 0.0656829475894105,
        "f1_score_mean": 0.0918580375782881,
        "f1_score_max": 0.0918580375782881,
        "f1_score_min": 0.0918580375782881,
        "precision_at_k_mean": 0.0,
        "precision_at_k_max": 0.0,
        "precision_at_k_min": 0.0,
        "recall_at_k_mean": 0.0,
        "recall_at_k_max": 0.0,
        "recall_at_k_min": 0.0
    },
    "DONE": {
        "auc_mean": 0.5387986112409697,
        "auc_max": 0.5387986112409697,
        "auc_min": 0.5387986112409697,
        "avg_precision_mean": 0.05979998282440709,
        "avg_precision_max": 0.05979998282440709,
        "avg_precision_min": 0.05979998282440709,
        "f1_score_mean": 0.058577405857740586,
        "f1_score_max": 0.058577405857740586,
        "f1_score_min": 0.058577405857740586,
        "precision_at_k_mean": 0.10000000149011612,
        "precision_at_k_max": 0.10000000149011612,
        "precision_at_k_min": 0.10000000149011612,
        "recall_at_k_mean": 0.012578615918755531,
        "recall_at_k_max": 0.012578615918755531,
        "recall_at_k_min": 0.012578615918755531
    },
    "GAE": {
        "auc_mean": 0.9785598377703395,
        "auc_max": 0.9785598377703395,
        "auc_min": 0.9785598377703395,
        "avg_precision_mean": 0.7270891129643949,
        "avg_precision_max": 0.7270891129643949,
        "avg_precision_min": 0.7270891129643949,
        "f1_score_mean": 0.5919661733615222,
        "f1_score_max": 0.5919661733615222,
        "f1_score_min": 0.5919661733615222,
        "precision_at_k_mean": 0.800000011920929,
        "precision_at_k_max": 0.800000011920929,
        "precision_at_k_min": 0.800000011920929,
        "recall_at_k_mean": 0.10062892735004425,
        "recall_at_k_max": 0.10062892735004425,
        "recall_at_k_min": 0.10062892735004425
    },
    "OCGNN": {
        "auc_mean": 0.46741485955540596,
        "auc_max": 0.46741485955540596,
        "auc_min": 0.46741485955540596,
        "avg_precision_mean": 0.050599510021423474,
        "avg_precision_max": 0.050599510021423474,
        "avg_precision_min": 0.050599510021423474,
        "f1_score_mean": 0.0794979079497908,
        "f1_score_max": 0.0794979079497908,
        "f1_score_min": 0.0794979079497908,
        "precision_at_k_mean": 0.05000000074505806,
        "precision_at_k_max": 0.05000000074505806,
        "precision_at_k_min": 0.05000000074505806,
        "recall_at_k_mean": 0.006289307959377766,
        "recall_at_k_max": 0.006289307959377766,
        "recall_at_k_min": 0.006289307959377766
    },
    "ONE": {
        "auc_mean": 0.490202433860455,
        "auc_max": 0.490202433860455,
        "auc_min": 0.490202433860455,
        "avg_precision_mean": 0.048822501685695435,
        "avg_precision_max": 0.048822501685695435,
        "avg_precision_min": 0.048822501685695435,
        "f1_score_mean": 0.06694560669456066,
        "f1_score_max": 0.06694560669456066,
        "f1_score_min": 0.06694560669456066,
        "precision_at_k_mean": 0.0,
        "precision_at_k_max": 0.0,
        "precision_at_k_min": 0.0,
        "recall_at_k_mean": 0.0,
        "recall_at_k_max": 0.0,
        "recall_at_k_min": 0.0
    },
    "Radar": {
        "auc_mean": 0.46718942515266165,
        "auc_max": 0.46718942515266165,
        "auc_min": 0.46718942515266165,
        "avg_precision_mean": 0.043533641306449725,
        "avg_precision_max": 0.043533641306449725,
        "avg_precision_min": 0.043533641306449725,
        "f1_score_mean": 0.0,
        "f1_score_max": 0.0,
        "f1_score_min": 0.0,
        "precision_at_k_mean": 0.0,
        "precision_at_k_max": 0.0,
        "precision_at_k_min": 0.0,
        "recall_at_k_mean": 0.0,
        "recall_at_k_max": 0.0,
        "recall_at_k_min": 0.0
    },
    "experiment_result": [
        {
            "random_seed": 42,
            "AdONE": {
                "auc_score": 0.5434776736831826,
                "avg_precision": 0.05169063098703178,
                "f1_score": 0.03347280334728033,
                "precision_at_k": 0.05000000074505806,
                "recall_at_k": 0.006289307959377766
            },
            "ANOMALOUS": {
                "auc_score": 0.502303170833567,