{
    "dataset_name": "citeseer_fixed_sbert_5_160",
    "AdONE": {
        "auc_mean": 0.9931221083939193,
        "auc_max": 0.9931221083939193,
        "auc_min": 0.9931221083939193,
        "avg_precision_mean": 0.830637875404793,
        "avg_precision_max": 0.830637875404793,
        "avg_precision_min": 0.830637875404793,
        "f1_score_mean": 0.6680584551148225,
        "f1_score_max": 0.6680584551148225,
        "f1_score_min": 0.6680584551148225,
        "precision_at_k_mean": 0.949999988079071,
        "precision_at_k_max": 0.949999988079071,
        "precision_at_k_min": 0.949999988079071,
        "recall_at_k_mean": 0.11874999850988388,
        "recall_at_k_max": 0.11874999850988388,
        "recall_at_k_min": 0.11874999850988388
    },
    "ANOMALOUS": {
        "auc_mean": 0.23992378552544613,
        "auc_max": 0.23992378552544613,
        "auc_min": 0.23992378552544613,
        "avg_precision_mean": 0.030935623031112452,
        "avg_precision_max": 0.030935623031112452,
        "avg_precision_min": 0.030935623031112452,
        "f1_score_mean": 0.0,
        "f1_score_max": 0.0,
        "f1_score_min": 0.0,
        "precision_at_k_mean": 0.0,
        "precision_at_k_max": 0.0,
        "precision_at_k_min": 0.0,
        "recall_at_k_mean": 0.0,
        "recall_at_k_max": 0.0,
        "recall_at_k_min": 0.0
    },
    "AnomalyDAE": {
        "auc_mean": 0.5304011070720422,
        "auc_max": 0.5304011070720422,
        "auc_min": 0.5304011070720422,
        "avg_precision_mean": 0.04866954957665043,
        "avg_precision_max": 0.04866954957665043,
        "avg_precision_min": 0.04866954957665043,
        "f1_score_mean": 0.0,
        "f1_score_max": 0.0,
        "f1_score_min": 0.0,
        "precision_at_k_mean": 0.0,
        "precision_at_k_max": 0.0,
        "precision_at_k_min": 0.0,
        "recall_at_k_mean": 0.0,
        "recall_at_k_max": 0.0,
        "recall_at_k_min": 0.0
    },
    "CoLA": {
        "auc_mean": 0.8334558823529412,
        "auc_max": 0.8334558823529412,
        "auc_min": 0.8334558823529412,
        "avg_precision_mean": 0.17280637417453812,
        "avg_precision_max": 0.17280637417453812,
        "avg_precision_min": 0.17280637417453812,
        "f1_score_mean": 0.27125506072874495,
        "f1_score_max": 0.27125506072874495,
        "f1_score_min": 0.27125506072874495,
        "precision_at_k_mean": 0.05000000074505806,
        "precision_at_k_max": 0.05000000074505806,
        "precision_at_k_min": 0.05000000074505806,
        "recall_at_k_mean": 0.0062500000931322575,
        "recall_at_k_max": 0.0062500000931322575,
        "recall_at_k_min": 0.0062500000931322575
    },
    "CONAD": {
        "auc_mean": 0.9863640118968936,
        "auc_max": 0.9863640118968936,
        "auc_min": 0.9863640118968936,
        "avg_precision_mean": 0.6057272757946958,
        "avg_precision_max": 0.6057272757946958,
        "avg_precision_min": 0.6057272757946958,
        "f1_score_mean": 0.6680584551148225,
        "f1_score_max": 0.6680584551148225,
        "f1_score_min": 0.6680584551148225,
        "precision_at_k_mean": 0.25,
        "precision_at_k_max": 0.25,
        "precision_at_k_min": 0.25,
        "recall_at_k_mean": 0.03125,
        "recall_at_k_max": 0.03125,
        "recall_at_k_min": 0.03125
    },
    "DOMINANT": {
        "auc_mean": 0.9866903502974222,
        "auc_max": 0.9866903502974222,
        "auc_min": 0.9866903502974222,
        "avg_precision_mean": 0.6107711860538013,
        "avg_precision_max": 0.6107711860538013,
        "avg_precision_min": 0.6107711860538013,
        "f1_score_mean": 0.6680584551148225,
        "f1_score_max": 0.6680584551148225,
        "f1_score_min": 0.6680584551148225,
        "precision_at_k_mean": 0.30000001192092896,
        "precision_at_k_max": 0.30000001192092896,
        "precision_at_k_min": 0.30000001192092896,
        "recall_at_k_mean": 0.03750000149011612,
        "recall_at_k_max": 0.03750000149011612,
        "recall_at_k_min": 0.03750000149011612
    },
    "DONE": {
        "auc_mean": 0.9980233807005948,
        "auc_max": 0.9980233807005948,
        "auc_min": 0.9980233807005948,
        "avg_precision_mean": 0.9550719929893721,
        "avg_precision_max": 0.9550719929893721,
        "avg_precision_min": 0.9550719929893721,
        "f1_score_mean": 0.6680584551148225,
        "f1_score_max": 0.6680584551148225,
        "f1_score_min": 0.6680584551148225,
        "precision_at_k_mean": 1.0,
        "precision_at_k_max": 1.0,
        "precision_at_k_min": 1.0,
        "recall_at_k_mean": 0.125,
        "recall_at_k_max": 0.125,
        "recall_at_k_min": 0.125
    },
    "GAE": {
        "auc_mean": 0.827471290482485,
        "auc_max": 0.827471290482485,
        "auc_min": 0.827471290482485,
        "avg_precision_mean": 0.17995879096753042,
        "avg_precision_max": 0.17995879096753042,
        "avg_precision_min": 0.17995879096753042,
        "f1_score_mean": 0.2869022869022869,
        "f1_score_max": 0.2869022869022869,
        "f1_score_min": 0.2869022869022869,
        "precision_at_k_mean": 0.05000000074505806,
        "precision_at_k_max": 0.05000000074505806,
        "precision_at_k_min": 0.05000000074505806,
        "recall_at_k_mean": 0.0062500000931322575,
        "recall_at_k_max": 0.0062500000931322575,
        "recall_at_k_min": 0.0062500000931322575
    },
    "OCGNN": {
        "auc_mean": 0.44272347984137483,
        "auc_max": 0.44272347984137483,
        "auc_min": 0.44272347984137483,
        "avg_precision_mean": 0.046830808089528574,
        "avg_precision_max": 0.046830808089528574,
        "avg_precision_min": 0.046830808089528574,
        "f1_score_mean": 0.020876826722338204,
        "f1_score_max": 0.020876826722338204,
        "f1_score_min": 0.020876826722338204,
        "precision_at_k_mean": 0.0,
        "precision_at_k_max": 0.0,
        "precision_at_k_min": 0.0,
        "recall_at_k_mean": 0.0,
        "recall_at_k_max": 0.0,
        "recall_at_k_min": 0.0
    },
    "ONE": {
        "auc_mean": 0.49099058162590875,
        "auc_max": 0.49099058162590875,
        "auc_min": 0.49099058162590875,
        "avg_precision_mean": 0.04913293476461999,
        "avg_precision_max": 0.04913293476461999,
        "avg_precision_min": 0.04913293476461999,
        "f1_score_mean": 0.06680584551148225,
        "f1_score_max": 0.06680584551148225,
        "f1_score_min": 0.06680584551148225,
        "precision_at_k_mean": 0.0,
        "precision_at_k_max": 0.0,
        "precision_at_k_min": 0.0,
        "recall_at_k_mean": 0.0,
        "recall_at_k_max": 0.0,
        "recall_at_k_min": 0.0
    },
    "Radar": {
        "auc_mean": 0.3353096083939193,
        "auc_max": 0.3353096083939193,
        "auc_min": 0.3353096083939193,
        "avg_precision_mean": 0.03494212285789752,
        "avg_precision_max": 0.03494212285789752,
        "avg_precision_min": 0.03494212285789752,
        "f1_score_mean": 0.0,
        "f1_score_max": 0.0,
        "f1_score_min": 0.0,
        "precision_at_k_mean": 0.0,
        "precision_at_k_max": 0.0,
        "precision_at_k_min": 0.0,
        "recall_at_k_mean": 0.0,
        "recall_at_k_max": 0.0,
        "recall_at_k_min": 0.0
    },
    "experiment_result": [
        {
            "random_seed": 42,
            "AdONE": {
                "auc_score": 0.9931221083939193,
                "avg_precision": 0.830637875404793,
                "f1_score": 0.6680584551148225,
                "precision_at_k": 0.949999988079071,
                "recall_at_k": 0.11874999850988388
            },
            "ANOMALOUS": {
                "auc_score": 0.23992378552544613,
                "avg_precision": 0.030935623031112452,
                "f1_score": 0.0,
                "precision_at_k": 0.0,
                "recall_at_k": 0.0
            },
            "AnomalyDAE": {
                "auc_score": 0.5304011070720422,
                "avg_precision": 0.04866954957665043,