{
    "dataset_name": "cora_fixed_sbert_3_135",
    "AdONE": {
        "auc_mean": 0.48429416591095564,
        "auc_max": 0.48429416591095564,
        "auc_min": 0.48429416591095564,
        "avg_precision_mean": 0.050713901807387204,
        "avg_precision_max": 0.050713901807387204,
        "avg_precision_min": 0.050713901807387204,
        "f1_score_mean": 0.03940886699507389,
        "f1_score_max": 0.03940886699507389,
        "f1_score_min": 0.03940886699507389,
        "precision_at_k_mean": 0.10000000149011612,
        "precision_at_k_max": 0.10000000149011612,
        "precision_at_k_min": 0.10000000149011612,
        "recall_at_k_mean": 0.014814814552664757,
        "recall_at_k_max": 0.014814814552664757,
        "recall_at_k_min": 0.014814814552664757
    },
    "ANOMALOUS": {
        "auc_mean": 0.5023520605720373,
        "auc_max": 0.5023520605720373,
        "auc_min": 0.5023520605720373,
        "avg_precision_mean": 0.052107375131630086,
        "avg_precision_max": 0.052107375131630086,
        "avg_precision_min": 0.052107375131630086,
        "f1_score_mean": 0.059113300492610835,
        "f1_score_max": 0.059113300492610835,
        "f1_score_min": 0.059113300492610835,
        "precision_at_k_mean": 0.05000000074505806,
        "precision_at_k_max": 0.05000000074505806,
        "precision_at_k_min": 0.05000000074505806,
        "recall_at_k_mean": 0.007407407276332378,
        "recall_at_k_max": 0.007407407276332378,
        "recall_at_k_min": 0.007407407276332378
    },
    "AnomalyDAE": {
        "auc_mean": 0.4446474068316276,
        "auc_max": 0.4446474068316276,
        "auc_min": 0.4446474068316276,
        "avg_precision_mean": 0.04298615158525637,
        "avg_precision_max": 0.04298615158525637,
        "avg_precision_min": 0.04298615158525637,
        "f1_score_mean": 0.03418803418803419,
        "f1_score_max": 0.03418803418803419,
        "f1_score_min": 0.03418803418803419,
        "precision_at_k_mean": 0.0,
        "precision_at_k_max": 0.0,
        "precision_at_k_min": 0.0,
        "recall_at_k_mean": 0.0,
        "recall_at_k_max": 0.0,
        "recall_at_k_min": 0.0
    },
    "CoLA": {
        "auc_mean": 0.5641922528824977,
        "auc_max": 0.5641922528824977,
        "auc_min": 0.5641922528824977,
        "avg_precision_mean": 0.0660249268489807,
        "avg_precision_max": 0.0660249268489807,
        "avg_precision_min": 0.0660249268489807,
        "f1_score_mean": 0.10050251256281408,
        "f1_score_max": 0.10050251256281408,
        "f1_score_min": 0.10050251256281408,
        "precision_at_k_mean": 0.15000000596046448,
        "precision_at_k_max": 0.15000000596046448,
        "precision_at_k_min": 0.15000000596046448,
        "recall_at_k_mean": 0.02222222276031971,
        "recall_at_k_max": 0.02222222276031971,
        "recall_at_k_min": 0.02222222276031971
    },
    "CONAD": {
        "auc_mean": 0.5002893293604526,
        "auc_max": 0.5002893293604526,
        "auc_min": 0.5002893293604526,
        "avg_precision_mean": 0.052669783836904516,
        "avg_precision_max": 0.052669783836904516,
        "avg_precision_min": 0.052669783836904516,
        "f1_score_mean": 0.059113300492610835,
        "f1_score_max": 0.059113300492610835,
        "f1_score_min": 0.059113300492610835,
        "precision_at_k_mean": 0.10000000149011612,
        "precision_at_k_max": 0.10000000149011612,
        "precision_at_k_min": 0.10000000149011612,
        "recall_at_k_mean": 0.014814814552664757,
        "recall_at_k_max": 0.014814814552664757,
        "recall_at_k_min": 0.014814814552664757
    },
    "DOMINANT": {
        "auc_mean": 0.5000446229361892,
        "auc_max": 0.5000446229361892,
        "auc_min": 0.5000446229361892,
        "avg_precision_mean": 0.05246903567206129,
        "avg_precision_max": 0.05246903567206129,
        "avg_precision_min": 0.05246903567206129,
        "f1_score_mean": 0.06419753086419754,
        "f1_score_max": 0.06419753086419754,
        "f1_score_min": 0.06419753086419754,
        "precision_at_k_mean": 0.10000000149011612,
        "precision_at_k_max": 0.10000000149011612,
        "precision_at_k_min": 0.10000000149011612,
        "recall_at_k_mean": 0.014814814552664757,
        "recall_at_k_max": 0.014814814552664757,
        "recall_at_k_min": 0.014814814552664757
    },
    "DONE": {
        "auc_mean": 0.481406630104648,
        "auc_max": 0.481406630104648,
        "auc_min": 0.481406630104648,
        "avg_precision_mean": 0.055764505905010246,
        "avg_precision_max": 0.055764505905010246,
        "avg_precision_min": 0.055764505905010246,
        "f1_score_mean": 0.06896551724137931,
        "f1_score_max": 0.06896551724137931,
        "f1_score_min": 0.06896551724137931,
        "precision_at_k_mean": 0.15000000596046448,
        "precision_at_k_max": 0.15000000596046448,
        "precision_at_k_min": 0.15000000596046448,
        "recall_at_k_mean": 0.02222222276031971,
        "recall_at_k_max": 0.02222222276031971,
        "recall_at_k_min": 0.02222222276031971
    },
    "GAE": {
        "auc_mean": 0.6616026831339696,
        "auc_max": 0.6616026831339696,
        "auc_min": 0.6616026831339696,
        "avg_precision_mean": 0.10311591621100502,
        "avg_precision_max": 0.10311591621100502,
        "avg_precision_min": 0.10311591621100502,
        "f1_score_mean": 0.15865384615384615,
        "f1_score_max": 0.15865384615384615,
        "f1_score_min": 0.15865384615384615,
        "precision_at_k_mean": 0.25,
        "precision_at_k_max": 0.25,
        "precision_at_k_min": 0.25,
        "recall_at_k_mean": 0.03703703731298447,
        "recall_at_k_max": 0.03703703731298447,
        "recall_at_k_min": 0.03703703731298447
    },
    "OCGNN": {
        "auc_mean": 0.496576988959422,
        "auc_max": 0.496576988959422,
        "auc_min": 0.496576988959422,
        "avg_precision_mean": 0.050585257267709315,
        "avg_precision_max": 0.050585257267709315,
        "avg_precision_min": 0.050585257267709315,
        "f1_score_mean": 0.09602400600150038,
        "f1_score_max": 0.09602400600150038,
        "f1_score_min": 0.09602400600150038,
        "precision_at_k_mean": 0.0,
        "precision_at_k_max": 0.0,
        "precision_at_k_min": 0.0,
        "recall_at_k_mean": 0.0,
        "recall_at_k_max": 0.0,
        "recall_at_k_min": 0.0
    },
    "ONE": {
        "auc_mean": 0.5387312691626722,
        "auc_max": 0.5387312691626722,
        "auc_min": 0.5387312691626722,
        "avg_precision_mean": 0.063101183719312,
        "avg_precision_max": 0.063101183719312,
        "avg_precision_min": 0.063101183719312,
        "f1_score_mean": 0.10837438423645321,
        "f1_score_max": 0.10837438423645321,
        "f1_score_min": 0.10837438423645321,
        "precision_at_k_mean": 0.05000000074505806,
        "precision_at_k_max": 0.05000000074505806,
        "precision_at_k_min": 0.05000000074505806,
        "recall_at_k_mean": 0.007407407276332378,
        "recall_at_k_max": 0.007407407276332378,
        "recall_at_k_min": 0.007407407276332378
    },
    "Radar": {
        "auc_mean": 0.4820716557988225,
        "auc_max": 0.4820716557988225,
        "auc_min": 0.4820716557988225,
        "avg_precision_mean": 0.048427635968031915,
        "avg_precision_max": 0.048427635968031915,
        "avg_precision_min": 0.048427635968031915,
        "f1_score_mean": 0.07881773399014778,
        "f1_score_max": 0.07881773399014778,
        "f1_score_min": 0.07881773399014778,
        "precision_at_k_mean": 0.0,
        "precision_at_k_max": 0.0,
        "precision_at_k_min": 0.0,
        "recall_at_k_mean": 0.0,
        "recall_at_k_max": 0.0,
        "recall_at_k_min": 0.0
    },
    "experiment_result": [
        {
            "random_seed": 42,
            "AdONE": {
                "auc_score": 0.48429416591095564,
                "avg_precision": 0.050713901807387204,
                "f1_score": 0.03940886699507389,