{
    "dataset_name": "cora_fixed_sbert_4_135",
    "AdONE": {
        "auc_mean": 0.5107742799153603,
        "auc_max": 0.5107742799153603,
        "auc_min": 0.5107742799153603,
        "avg_precision_mean": 0.05327642595816098,
        "avg_precision_max": 0.05327642595816098,
        "avg_precision_min": 0.05327642595816098,
        "f1_score_mean": 0.029556650246305417,
        "f1_score_max": 0.029556650246305417,
        "f1_score_min": 0.029556650246305417,
        "precision_at_k_mean": 0.10000000149011612,
        "precision_at_k_max": 0.10000000149011612,
        "precision_at_k_min": 0.10000000149011612,
        "recall_at_k_mean": 0.014814814552664757,
        "recall_at_k_max": 0.014814814552664757,
        "recall_at_k_min": 0.014814814552664757
    },
    "ANOMALOUS": {
        "auc_mean": 0.5131263404873976,
        "auc_max": 0.5131263404873976,
        "auc_min": 0.5131263404873976,
        "avg_precision_mean": 0.05095802925027702,
        "avg_precision_max": 0.05095802925027702,
        "avg_precision_min": 0.05095802925027702,
        "f1_score_mean": 0.059113300492610835,
        "f1_score_max": 0.059113300492610835,
        "f1_score_min": 0.059113300492610835,
        "precision_at_k_mean": 0.0,
        "precision_at_k_max": 0.0,
        "precision_at_k_min": 0.0,
        "recall_at_k_mean": 0.0,
        "recall_at_k_max": 0.0,
        "recall_at_k_min": 0.0
    },
    "AnomalyDAE": {
        "auc_mean": 0.9523599775445869,
        "auc_max": 0.9523599775445869,
        "auc_min": 0.9523599775445869,
        "avg_precision_mean": 0.430722455850701,
        "avg_precision_max": 0.430722455850701,
        "avg_precision_min": 0.430722455850701,
        "f1_score_mean": 0.5015105740181269,
        "f1_score_max": 0.5015105740181269,
        "f1_score_min": 0.5015105740181269,
        "precision_at_k_mean": 0.550000011920929,
        "precision_at_k_max": 0.550000011920929,
        "precision_at_k_min": 0.550000011920929,
        "recall_at_k_mean": 0.08148147910833359,
        "recall_at_k_max": 0.08148147910833359,
        "recall_at_k_min": 0.08148147910833359
    },
    "CoLA": {
        "auc_mean": 0.5890313943947835,
        "auc_max": 0.5890313943947835,
        "auc_min": 0.5890313943947835,
        "avg_precision_mean": 0.07476285773217912,
        "avg_precision_max": 0.07476285773217912,
        "avg_precision_min": 0.07476285773217912,
        "f1_score_mean": 0.1065989847715736,
        "f1_score_max": 0.1065989847715736,
        "f1_score_min": 0.1065989847715736,
        "precision_at_k_mean": 0.15000000596046448,
        "precision_at_k_max": 0.15000000596046448,
        "precision_at_k_min": 0.15000000596046448,
        "recall_at_k_mean": 0.02222222276031971,
        "recall_at_k_max": 0.02222222276031971,
        "recall_at_k_min": 0.02222222276031971
    },
    "CONAD": {
        "auc_mean": 0.6029307192929424,
        "auc_max": 0.6029307192929424,
        "auc_min": 0.6029307192929424,
        "avg_precision_mean": 0.07112444298127311,
        "avg_precision_max": 0.07112444298127311,
        "avg_precision_min": 0.07112444298127311,
        "f1_score_mean": 0.09852216748768473,
        "f1_score_max": 0.09852216748768473,
        "f1_score_min": 0.09852216748768473,
        "precision_at_k_mean": 0.10000000149011612,
        "precision_at_k_max": 0.10000000149011612,
        "precision_at_k_min": 0.10000000149011612,
        "recall_at_k_mean": 0.014814814552664757,
        "recall_at_k_max": 0.014814814552664757,
        "recall_at_k_min": 0.014814814552664757
    },
    "DOMINANT": {
        "auc_mean": 0.5968706366685379,
        "auc_max": 0.5968706366685379,
        "auc_min": 0.5968706366685379,
        "avg_precision_mean": 0.06990118681895827,
        "avg_precision_max": 0.06990118681895827,
        "avg_precision_min": 0.06990118681895827,
        "f1_score_mean": 0.09382716049382717,
        "f1_score_max": 0.09382716049382717,
        "f1_score_min": 0.09382716049382717,
        "precision_at_k_mean": 0.10000000149011612,
        "precision_at_k_max": 0.10000000149011612,
        "precision_at_k_min": 0.10000000149011612,
        "recall_at_k_mean": 0.014814814552664757,
        "recall_at_k_max": 0.014814814552664757,
        "recall_at_k_min": 0.014814814552664757
    },
    "DONE": {
        "auc_mean": 0.5534482014077817,
        "auc_max": 0.5534482014077817,
        "auc_min": 0.5534482014077817,
        "avg_precision_mean": 0.06292860252377076,
        "avg_precision_max": 0.06292860252377076,
        "avg_precision_min": 0.06292860252377076,
        "f1_score_mean": 0.07389162561576355,
        "f1_score_max": 0.07389162561576355,
        "f1_score_min": 0.07389162561576355,
        "precision_at_k_mean": 0.15000000596046448,
        "precision_at_k_max": 0.15000000596046448,
        "precision_at_k_min": 0.15000000596046448,
        "recall_at_k_mean": 0.02222222276031971,
        "recall_at_k_max": 0.02222222276031971,
        "recall_at_k_min": 0.02222222276031971
    },
    "GAE": {
        "auc_mean": 0.9956183155561315,
        "auc_max": 0.9956183155561315,
        "auc_min": 0.9956183155561315,
        "avg_precision_mean": 0.8799411706570496,
        "avg_precision_max": 0.8799411706570496,
        "avg_precision_min": 0.8799411706570496,
        "f1_score_mean": 0.6633906633906634,
        "f1_score_max": 0.6633906633906634,
        "f1_score_min": 0.6633906633906634,
        "precision_at_k_mean": 0.8500000238418579,
        "precision_at_k_max": 0.8500000238418579,
        "precision_at_k_min": 0.8500000238418579,
        "recall_at_k_mean": 0.1259259283542633,
        "recall_at_k_max": 0.1259259283542633,
        "recall_at_k_min": 0.1259259283542633
    },
    "OCGNN": {
        "auc_mean": 0.5050438312389341,
        "auc_max": 0.5050438312389341,
        "auc_min": 0.5050438312389341,
        "avg_precision_mean": 0.05567137605994594,
        "avg_precision_max": 0.05567137605994594,
        "avg_precision_min": 0.05567137605994594,
        "f1_score_mean": 0.08571428571428572,
        "f1_score_max": 0.08571428571428572,
        "f1_score_min": 0.08571428571428572,
        "precision_at_k_mean": 0.15000000596046448,
        "precision_at_k_max": 0.15000000596046448,
        "precision_at_k_min": 0.15000000596046448,
        "recall_at_k_mean": 0.02222222276031971,
        "recall_at_k_max": 0.02222222276031971,
        "recall_at_k_min": 0.02222222276031971
    },
    "ONE": {
        "auc_mean": 0.5387744526493068,
        "auc_max": 0.5387744526493068,
        "auc_min": 0.5387744526493068,
        "avg_precision_mean": 0.06310643962254278,
        "avg_precision_max": 0.06310643962254278,
        "avg_precision_min": 0.06310643962254278,
        "f1_score_mean": 0.10837438423645321,
        "f1_score_max": 0.10837438423645321,
        "f1_score_min": 0.10837438423645321,
        "precision_at_k_mean": 0.05000000074505806,
        "precision_at_k_max": 0.05000000074505806,
        "precision_at_k_min": 0.05000000074505806,
        "recall_at_k_mean": 0.007407407276332378,
        "recall_at_k_max": 0.007407407276332378,
        "recall_at_k_min": 0.007407407276332378
    },
    "Radar": {
        "auc_mean": 0.48842682558189743,
        "auc_max": 0.48842682558189743,
        "auc_min": 0.48842682558189743,
        "avg_precision_mean": 0.04726274422091726,
        "avg_precision_max": 0.04726274422091726,
        "avg_precision_min": 0.04726274422091726,
        "f1_score_mean": 0.059113300492610835,
        "f1_score_max": 0.059113300492610835,
        "f1_score_min": 0.059113300492610835,
        "precision_at_k_mean": 0.0,
        "precision_at_k_max": 0.0,
        "precision_at_k_min": 0.0,
        "recall_at_k_mean": 0.0,
        "recall_at_k_max": 0.0,
        "recall_at_k_min": 0.0
    },
    "experiment_result": [
        {
            "random_seed": 42,
            "AdONE": {
                "auc_score": 0.5107742799153603,