{
    "dataset_name": "cora_fixed_sbert_5_140",
    "AdONE": {
        "auc_mean": 0.9823403426791276,
        "auc_max": 0.9823403426791276,
        "auc_min": 0.9823403426791276,
        "avg_precision_mean": 0.7448934240836946,
        "avg_precision_max": 0.7448934240836946,
        "avg_precision_min": 0.7448934240836946,
        "f1_score_mean": 0.6326034063260341,
        "f1_score_max": 0.6326034063260341,
        "f1_score_min": 0.6326034063260341,
        "precision_at_k_mean": 0.949999988079071,
        "precision_at_k_max": 0.949999988079071,
        "precision_at_k_min": 0.949999988079071,
        "recall_at_k_mean": 0.13571429252624512,
        "recall_at_k_max": 0.13571429252624512,
        "recall_at_k_min": 0.13571429252624512
    },
    "ANOMALOUS": {
        "auc_mean": 0.35176346239430345,
        "auc_max": 0.35176346239430345,
        "auc_min": 0.35176346239430345,
        "avg_precision_mean": 0.03703378035897303,
        "avg_precision_max": 0.03703378035897303,
        "avg_precision_min": 0.03703378035897303,
        "f1_score_mean": 0.0,
        "f1_score_max": 0.0,
        "f1_score_min": 0.0,
        "precision_at_k_mean": 0.0,
        "precision_at_k_max": 0.0,
        "precision_at_k_min": 0.0,
        "recall_at_k_mean": 0.0,
        "recall_at_k_max": 0.0,
        "recall_at_k_min": 0.0
    },
    "AnomalyDAE": {
        "auc_mean": 0.4489708500222519,
        "auc_max": 0.4489708500222519,
        "auc_min": 0.4489708500222519,
        "avg_precision_mean": 0.044257351110068656,
        "avg_precision_max": 0.044257351110068656,
        "avg_precision_min": 0.044257351110068656,
        "f1_score_mean": 0.00816326530612245,
        "f1_score_max": 0.00816326530612245,
        "f1_score_min": 0.00816326530612245,
        "precision_at_k_mean": 0.0,
        "precision_at_k_max": 0.0,
        "precision_at_k_min": 0.0,
        "recall_at_k_mean": 0.0,
        "recall_at_k_max": 0.0,
        "recall_at_k_min": 0.0
    },
    "CoLA": {
        "auc_mean": 0.6768246550956831,
        "auc_max": 0.6768246550956831,
        "auc_min": 0.6768246550956831,
        "avg_precision_mean": 0.09483923237062075,
        "avg_precision_max": 0.09483923237062075,
        "avg_precision_min": 0.09483923237062075,
        "f1_score_mean": 0.14084507042253522,
        "f1_score_max": 0.14084507042253522,
        "f1_score_min": 0.14084507042253522,
        "precision_at_k_mean": 0.15000000596046448,
        "precision_at_k_max": 0.15000000596046448,
        "precision_at_k_min": 0.15000000596046448,
        "recall_at_k_mean": 0.02142857201397419,
        "recall_at_k_max": 0.02142857201397419,
        "recall_at_k_min": 0.02142857201397419
    },
    "CONAD": {
        "auc_mean": 0.9694926568758344,
        "auc_max": 0.9694926568758344,
        "auc_min": 0.9694926568758344,
        "avg_precision_mean": 0.4295550532309733,
        "avg_precision_max": 0.4295550532309733,
        "avg_precision_min": 0.4295550532309733,
        "f1_score_mean": 0.681265206812652,
        "f1_score_max": 0.681265206812652,
        "f1_score_min": 0.681265206812652,
        "precision_at_k_mean": 0.20000000298023224,
        "precision_at_k_max": 0.20000000298023224,
        "precision_at_k_min": 0.20000000298023224,
        "recall_at_k_mean": 0.02857142873108387,
        "recall_at_k_max": 0.02857142873108387,
        "recall_at_k_min": 0.02857142873108387
    },
    "DOMINANT": {
        "auc_mean": 0.9693702714730752,
        "auc_max": 0.9693702714730752,
        "auc_min": 0.9693702714730752,
        "avg_precision_mean": 0.42822636760163396,
        "avg_precision_max": 0.42822636760163396,
        "avg_precision_min": 0.42822636760163396,
        "f1_score_mean": 0.681265206812652,
        "f1_score_max": 0.681265206812652,
        "f1_score_min": 0.681265206812652,
        "precision_at_k_mean": 0.20000000298023224,
        "precision_at_k_max": 0.20000000298023224,
        "precision_at_k_min": 0.20000000298023224,
        "recall_at_k_mean": 0.02857142873108387,
        "recall_at_k_max": 0.02857142873108387,
        "recall_at_k_min": 0.02857142873108387
    },
    "DONE": {
        "auc_mean": 0.9845321539830886,
        "auc_max": 0.9845321539830886,
        "auc_min": 0.9845321539830886,
        "avg_precision_mean": 0.7582534867089846,
        "avg_precision_max": 0.7582534867089846,
        "avg_precision_min": 0.7582534867089846,
        "f1_score_mean": 0.6374695863746959,
        "f1_score_max": 0.6374695863746959,
        "f1_score_min": 0.6374695863746959,
        "precision_at_k_mean": 0.949999988079071,
        "precision_at_k_max": 0.949999988079071,
        "precision_at_k_min": 0.949999988079071,
        "recall_at_k_mean": 0.13571429252624512,
        "recall_at_k_max": 0.13571429252624512,
        "recall_at_k_min": 0.13571429252624512
    },
    "GAE": {
        "auc_mean": 0.7277731419670672,
        "auc_max": 0.7277731419670672,
        "auc_min": 0.7277731419670672,
        "avg_precision_mean": 0.13364098598404092,
        "avg_precision_max": 0.13364098598404092,
        "avg_precision_min": 0.13364098598404092,
        "f1_score_mean": 0.22660098522167488,
        "f1_score_max": 0.22660098522167488,
        "f1_score_min": 0.22660098522167488,
        "precision_at_k_mean": 0.15000000596046448,
        "precision_at_k_max": 0.15000000596046448,
        "precision_at_k_min": 0.15000000596046448,
        "recall_at_k_mean": 0.02142857201397419,
        "recall_at_k_max": 0.02142857201397419,
        "recall_at_k_min": 0.02142857201397419
    },
    "OCGNN": {
        "auc_mean": 0.5052514463729416,
        "auc_max": 0.5052514463729416,
        "auc_min": 0.5052514463729416,
        "avg_precision_mean": 0.051203617765963494,
        "avg_precision_max": 0.051203617765963494,
        "avg_precision_min": 0.051203617765963494,
        "f1_score_mean": 0.05693950177935943,
        "f1_score_max": 0.05693950177935943,
        "f1_score_min": 0.05693950177935943,
        "precision_at_k_mean": 0.0,
        "precision_at_k_max": 0.0,
        "precision_at_k_min": 0.0,
        "recall_at_k_mean": 0.0,
        "recall_at_k_max": 0.0,
        "recall_at_k_min": 0.0
    },
    "ONE": {
        "auc_mean": 0.5370215843346684,
        "auc_max": 0.5370215843346684,
        "auc_min": 0.5370215843346684,
        "avg_precision_mean": 0.0653180297051749,
        "avg_precision_max": 0.0653180297051749,
        "avg_precision_min": 0.0653180297051749,
        "f1_score_mean": 0.11192214111922141,
        "f1_score_max": 0.11192214111922141,
        "f1_score_min": 0.11192214111922141,
        "precision_at_k_mean": 0.05000000074505806,
        "precision_at_k_max": 0.05000000074505806,
        "precision_at_k_min": 0.05000000074505806,
        "recall_at_k_mean": 0.0071428571827709675,
        "recall_at_k_max": 0.0071428571827709675,
        "recall_at_k_min": 0.0071428571827709675
    },
    "Radar": {
        "auc_mean": 0.44194620605251445,
        "auc_max": 0.44194620605251445,
        "auc_min": 0.44194620605251445,
        "avg_precision_mean": 0.04212000292497969,
        "avg_precision_max": 0.04212000292497969,
        "avg_precision_min": 0.04212000292497969,
        "f1_score_mean": 0.0,
        "f1_score_max": 0.0,
        "f1_score_min": 0.0,
        "precision_at_k_mean": 0.0,
        "precision_at_k_max": 0.0,
        "precision_at_k_min": 0.0,
        "recall_at_k_mean": 0.0,
        "recall_at_k_max": 0.0,
        "recall_at_k_min": 0.0
    },
    "experiment_result": [
        {
            "random_seed": 42,
            "AdONE": {
                "auc_score": 0.9823403426791276,
                "avg_precision": 0.7448934240836946,
                "f1_score": 0.6326034063260341,
                "precision_at_k": 0.949999988079071,
                "recall_at_k": 0.13571429252624512
            },
            "ANOMALOUS": {
                "auc_score": 0.35176346239430345,