{
    "dataset_name": "cora_fixed_sbert_4_100",
    "AdONE": {
        "auc_mean": 0.5682553680981595,
        "auc_max": 0.5682553680981595,
        "auc_min": 0.5682553680981595,
        "avg_precision_mean": 0.04768677374285479,
        "avg_precision_max": 0.04768677374285479,
        "avg_precision_min": 0.04768677374285479,
        "f1_score_mean": 0.03773584905660377,
        "f1_score_max": 0.03773584905660377,
        "f1_score_min": 0.03773584905660377,
        "precision_at_k_mean": 0.10000000149011612,
        "precision_at_k_max": 0.10000000149011612,
        "precision_at_k_min": 0.10000000149011612,
        "recall_at_k_mean": 0.019999999552965164,
        "recall_at_k_max": 0.019999999552965164,
        "recall_at_k_min": 0.019999999552965164
    },
    "ANOMALOUS": {
        "auc_mean": 0.5116794478527608,
        "auc_max": 0.5116794478527608,
        "auc_min": 0.5116794478527608,
        "avg_precision_mean": 0.038263649479627265,
        "avg_precision_max": 0.038263649479627265,
        "avg_precision_min": 0.038263649479627265,
        "f1_score_mean": 0.04851752021563342,
        "f1_score_max": 0.04851752021563342,
        "f1_score_min": 0.04851752021563342,
        "precision_at_k_mean": 0.0,
        "precision_at_k_max": 0.0,
        "precision_at_k_min": 0.0,
        "recall_at_k_mean": 0.0,
        "recall_at_k_max": 0.0,
        "recall_at_k_min": 0.0
    },
    "AnomalyDAE": {
        "auc_mean": 0.9657668711656441,
        "auc_max": 0.9657668711656441,
        "auc_min": 0.9657668711656441,
        "avg_precision_mean": 0.4359923150887939,
        "avg_precision_max": 0.4359923150887939,
        "avg_precision_min": 0.4359923150887939,
        "f1_score_mean": 0.46715328467153283,
        "f1_score_max": 0.46715328467153283,
        "f1_score_min": 0.46715328467153283,
        "precision_at_k_mean": 0.6000000238418579,
        "precision_at_k_max": 0.6000000238418579,
        "precision_at_k_min": 0.6000000238418579,
        "recall_at_k_mean": 0.11999999731779099,
        "recall_at_k_max": 0.11999999731779099,
        "recall_at_k_min": 0.11999999731779099
    },
    "CoLA": {
        "auc_mean": 0.6274501533742333,
        "auc_max": 0.6274501533742333,
        "auc_min": 0.6274501533742333,
        "avg_precision_mean": 0.08083480910769875,
        "avg_precision_max": 0.08083480910769875,
        "avg_precision_min": 0.08083480910769875,
        "f1_score_mean": 0.13043478260869565,
        "f1_score_max": 0.13043478260869565,
        "f1_score_min": 0.13043478260869565,
        "precision_at_k_mean": 0.15000000596046448,
        "precision_at_k_max": 0.15000000596046448,
        "precision_at_k_min": 0.15000000596046448,
        "recall_at_k_mean": 0.029999999329447746,
        "recall_at_k_max": 0.029999999329447746,
        "recall_at_k_min": 0.029999999329447746
    },
    "CONAD": {
        "auc_mean": 0.6500651840490799,
        "auc_max": 0.6500651840490799,
        "auc_min": 0.6500651840490799,
        "avg_precision_mean": 0.06342850044925118,
        "avg_precision_max": 0.06342850044925118,
        "avg_precision_min": 0.06342850044925118,
        "f1_score_mean": 0.0972972972972973,
        "f1_score_max": 0.0972972972972973,
        "f1_score_min": 0.0972972972972973,
        "precision_at_k_mean": 0.10000000149011612,
        "precision_at_k_max": 0.10000000149011612,
        "precision_at_k_min": 0.10000000149011612,
        "recall_at_k_mean": 0.019999999552965164,
        "recall_at_k_max": 0.019999999552965164,
        "recall_at_k_min": 0.019999999552965164
    },
    "DMGD": {
        "auc_mean": 0.5462289110429448,
        "auc_max": 0.5462289110429448,
        "auc_min": 0.5462289110429448,
        "avg_precision_mean": 0.05107365961760578,
        "avg_precision_max": 0.05107365961760578,
        "avg_precision_min": 0.05107365961760578,
        "f1_score_mean": 0.0862533692722372,
        "f1_score_max": 0.0862533692722372,
        "f1_score_min": 0.0862533692722372,
        "precision_at_k_mean": 0.15000000596046448,
        "precision_at_k_max": 0.15000000596046448,
        "precision_at_k_min": 0.15000000596046448,
        "recall_at_k_mean": 0.029999999329447746,
        "recall_at_k_max": 0.029999999329447746,
        "recall_at_k_min": 0.029999999329447746
    },
    "DOMINANT": {
        "auc_mean": 0.6445283742331288,
        "auc_max": 0.6445283742331288,
        "auc_min": 0.6445283742331288,
        "avg_precision_mean": 0.062171562253526075,
        "avg_precision_max": 0.062171562253526075,
        "avg_precision_min": 0.062171562253526075,
        "f1_score_mean": 0.09703504043126684,
        "f1_score_max": 0.09703504043126684,
        "f1_score_min": 0.09703504043126684,
        "precision_at_k_mean": 0.10000000149011612,
        "precision_at_k_max": 0.10000000149011612,
        "precision_at_k_min": 0.10000000149011612,
        "recall_at_k_mean": 0.019999999552965164,
        "recall_at_k_max": 0.019999999552965164,
        "recall_at_k_min": 0.019999999552965164
    },
    "DONE": {
        "auc_mean": 0.694340490797546,
        "auc_max": 0.694340490797546,
        "auc_min": 0.694340490797546,
        "avg_precision_mean": 0.07122598123999344,
        "avg_precision_max": 0.07122598123999344,
        "avg_precision_min": 0.07122598123999344,
        "f1_score_mean": 0.07547169811320754,
        "f1_score_max": 0.07547169811320754,
        "f1_score_min": 0.07547169811320754,
        "precision_at_k_mean": 0.15000000596046448,
        "precision_at_k_max": 0.15000000596046448,
        "precision_at_k_min": 0.15000000596046448,
        "recall_at_k_mean": 0.029999999329447746,
        "recall_at_k_max": 0.029999999329447746,
        "recall_at_k_min": 0.029999999329447746
    },
    "GAE": {
        "auc_mean": 0.9966909509202454,
        "auc_max": 0.9966909509202454,
        "auc_min": 0.9966909509202454,
        "avg_precision_mean": 0.8822724995123663,
        "avg_precision_max": 0.8822724995123663,
        "avg_precision_min": 0.8822724995123663,
        "f1_score_mean": 0.5420054200542005,
        "f1_score_max": 0.5420054200542005,
        "f1_score_min": 0.5420054200542005,
        "precision_at_k_mean": 0.8999999761581421,
        "precision_at_k_max": 0.8999999761581421,
        "precision_at_k_min": 0.8999999761581421,
        "recall_at_k_mean": 0.18000000715255737,
        "recall_at_k_max": 0.18000000715255737,
        "recall_at_k_min": 0.18000000715255737
    },
    "OCGNN": {
        "auc_mean": 0.3889436349693251,
        "auc_max": 0.3889436349693251,
        "auc_min": 0.3889436349693251,
        "avg_precision_mean": 0.03137596438039732,
        "avg_precision_max": 0.03137596438039732,
        "avg_precision_min": 0.03137596438039732,
        "f1_score_mean": 0.05136702568351284,
        "f1_score_max": 0.05136702568351284,
        "f1_score_min": 0.05136702568351284,
        "precision_at_k_mean": 0.0,
        "precision_at_k_max": 0.0,
        "precision_at_k_min": 0.0,
        "recall_at_k_mean": 0.0,
        "recall_at_k_max": 0.0,
        "recall_at_k_min": 0.0
    },
    "ONE": {
        "auc_mean": 0.4615529141104294,
        "auc_max": 0.4615529141104294,
        "auc_min": 0.4615529141104294,
        "avg_precision_mean": 0.03366764474098128,
        "avg_precision_max": 0.03366764474098128,
        "avg_precision_min": 0.03366764474098128,
        "f1_score_mean": 0.026954177897574125,
        "f1_score_max": 0.026954177897574125,
        "f1_score_min": 0.026954177897574125,
        "precision_at_k_mean": 0.0,
        "precision_at_k_max": 0.0,
        "precision_at_k_min": 0.0,
        "recall_at_k_mean": 0.0,
        "recall_at_k_max": 0.0,
        "recall_at_k_min": 0.0
    },
    "Radar": {
        "auc_mean": 0.5109049079754601,
        "auc_max": 0.5109049079754601,
        "auc_min": 0.5109049079754601,
        "avg_precision_mean": 0.03727958529231491,
        "avg_precision_max": 0.03727958529231491,