{
    "dataset_name": "cora_fixed_sbert_3_100",
    "AdONE": {
        "auc_mean": 0.4887078220858895,
        "auc_max": 0.4887078220858895,
        "auc_min": 0.4887078220858895,
        "avg_precision_mean": 0.040153893515855424,
        "avg_precision_max": 0.040153893515855424,
        "avg_precision_min": 0.040153893515855424,
        "f1_score_mean": 0.03234501347708895,
        "f1_score_max": 0.03234501347708895,
        "f1_score_min": 0.03234501347708895,
        "precision_at_k_mean": 0.10000000149011612,
        "precision_at_k_max": 0.10000000149011612,
        "precision_at_k_min": 0.10000000149011612,
        "recall_at_k_mean": 0.019999999552965164,
        "recall_at_k_max": 0.019999999552965164,
        "recall_at_k_min": 0.019999999552965164
    },
    "ANOMALOUS": {
        "auc_mean": 0.5308032975460123,
        "auc_max": 0.5308032975460123,
        "auc_min": 0.5308032975460123,
        "avg_precision_mean": 0.04108068142352466,
        "avg_precision_max": 0.04108068142352466,
        "avg_precision_min": 0.04108068142352466,
        "f1_score_mean": 0.04851752021563342,
        "f1_score_max": 0.04851752021563342,
        "f1_score_min": 0.04851752021563342,
        "precision_at_k_mean": 0.0,
        "precision_at_k_max": 0.0,
        "precision_at_k_min": 0.0,
        "recall_at_k_mean": 0.0,
        "recall_at_k_max": 0.0,
        "recall_at_k_min": 0.0
    },
    "AnomalyDAE": {
        "auc_mean": 0.427743481595092,
        "auc_max": 0.427743481595092,
        "auc_min": 0.427743481595092,
        "avg_precision_mean": 0.030310096716496118,
        "avg_precision_max": 0.030310096716496118,
        "avg_precision_min": 0.030310096716496118,
        "f1_score_mean": 0.02666666666666667,
        "f1_score_max": 0.02666666666666667,
        "f1_score_min": 0.02666666666666667,
        "precision_at_k_mean": 0.0,
        "precision_at_k_max": 0.0,
        "precision_at_k_min": 0.0,
        "recall_at_k_mean": 0.0,
        "recall_at_k_max": 0.0,
        "recall_at_k_min": 0.0
    },
    "CoLA": {
        "auc_mean": 0.535816717791411,
        "auc_max": 0.535816717791411,
        "auc_min": 0.535816717791411,
        "avg_precision_mean": 0.049170003058229064,
        "avg_precision_max": 0.049170003058229064,
        "avg_precision_min": 0.049170003058229064,
        "f1_score_mean": 0.0797872340425532,
        "f1_score_max": 0.0797872340425532,
        "f1_score_min": 0.0797872340425532,
        "precision_at_k_mean": 0.10000000149011612,
        "precision_at_k_max": 0.10000000149011612,
        "precision_at_k_min": 0.10000000149011612,
        "recall_at_k_mean": 0.019999999552965164,
        "recall_at_k_max": 0.019999999552965164,
        "recall_at_k_min": 0.019999999552965164
    },
    "CONAD": {
        "auc_mean": 0.5217101226993864,
        "auc_max": 0.5217101226993864,
        "auc_min": 0.5217101226993864,
        "avg_precision_mean": 0.04115046954977624,
        "avg_precision_max": 0.04115046954977624,
        "avg_precision_min": 0.04115046954977624,
        "f1_score_mean": 0.05390835579514825,
        "f1_score_max": 0.05390835579514825,
        "f1_score_min": 0.05390835579514825,
        "precision_at_k_mean": 0.05000000074505806,
        "precision_at_k_max": 0.05000000074505806,
        "precision_at_k_min": 0.05000000074505806,
        "recall_at_k_mean": 0.009999999776482582,
        "recall_at_k_max": 0.009999999776482582,
        "recall_at_k_min": 0.009999999776482582
    },
    "DMGD": {
        "auc_mean": 0.546215490797546,
        "auc_max": 0.546215490797546,
        "auc_min": 0.546215490797546,
        "avg_precision_mean": 0.05107311244380566,
        "avg_precision_max": 0.05107311244380566,
        "avg_precision_min": 0.05107311244380566,
        "f1_score_mean": 0.0862533692722372,
        "f1_score_max": 0.0862533692722372,
        "f1_score_min": 0.0862533692722372,
        "precision_at_k_mean": 0.15000000596046448,
        "precision_at_k_max": 0.15000000596046448,
        "precision_at_k_min": 0.15000000596046448,
        "recall_at_k_mean": 0.029999999329447746,
        "recall_at_k_max": 0.029999999329447746,
        "recall_at_k_min": 0.029999999329447746
    },
    "DOMINANT": {
        "auc_mean": 0.5221088957055214,
        "auc_max": 0.5221088957055214,
        "auc_min": 0.5221088957055214,
        "avg_precision_mean": 0.0410572567821664,
        "avg_precision_max": 0.0410572567821664,
        "avg_precision_min": 0.0410572567821664,
        "f1_score_mean": 0.05405405405405406,
        "f1_score_max": 0.05405405405405406,
        "f1_score_min": 0.05405405405405406,
        "precision_at_k_mean": 0.05000000074505806,
        "precision_at_k_max": 0.05000000074505806,
        "precision_at_k_min": 0.05000000074505806,
        "recall_at_k_mean": 0.009999999776482582,
        "recall_at_k_max": 0.009999999776482582,
        "recall_at_k_min": 0.009999999776482582
    },
    "DONE": {
        "auc_mean": 0.5277300613496932,
        "auc_max": 0.5277300613496932,
        "auc_min": 0.5277300613496932,
        "avg_precision_mean": 0.053239926036493676,
        "avg_precision_max": 0.053239926036493676,
        "avg_precision_min": 0.053239926036493676,
        "f1_score_mean": 0.0646900269541779,
        "f1_score_max": 0.0646900269541779,
        "f1_score_min": 0.0646900269541779,
        "precision_at_k_mean": 0.10000000149011612,
        "precision_at_k_max": 0.10000000149011612,
        "precision_at_k_min": 0.10000000149011612,
        "recall_at_k_mean": 0.019999999552965164,
        "recall_at_k_max": 0.019999999552965164,
        "recall_at_k_min": 0.019999999552965164
    },
    "GAE": {
        "auc_mean": 0.6407707055214724,
        "auc_max": 0.6407707055214724,
        "auc_min": 0.6407707055214724,
        "avg_precision_mean": 0.06493930846541086,
        "avg_precision_max": 0.06493930846541086,
        "avg_precision_min": 0.06493930846541086,
        "f1_score_mean": 0.09239130434782608,
        "f1_score_max": 0.09239130434782608,
        "f1_score_min": 0.09239130434782608,
        "precision_at_k_mean": 0.15000000596046448,
        "precision_at_k_max": 0.15000000596046448,
        "precision_at_k_min": 0.15000000596046448,
        "recall_at_k_mean": 0.029999999329447746,
        "recall_at_k_max": 0.029999999329447746,
        "recall_at_k_min": 0.029999999329447746
    },
    "OCGNN": {
        "auc_mean": 0.5173983895705522,
        "auc_max": 0.5173983895705522,
        "auc_min": 0.5173983895705522,
        "avg_precision_mean": 0.038030313954018076,
        "avg_precision_max": 0.038030313954018076,
        "avg_precision_min": 0.038030313954018076,
        "f1_score_mean": 0.07416462917685411,
        "f1_score_max": 0.07416462917685411,
        "f1_score_min": 0.07416462917685411,
        "precision_at_k_mean": 0.0,
        "precision_at_k_max": 0.0,
        "precision_at_k_min": 0.0,
        "recall_at_k_mean": 0.0,
        "recall_at_k_max": 0.0,
        "recall_at_k_min": 0.0
    },
    "ONE": {
        "auc_mean": 0.4615299079754602,
        "auc_max": 0.4615299079754602,
        "auc_min": 0.4615299079754602,
        "avg_precision_mean": 0.03367339993922074,
        "avg_precision_max": 0.03367339993922074,
        "avg_precision_min": 0.03367339993922074,
        "f1_score_mean": 0.026954177897574125,
        "f1_score_max": 0.026954177897574125,
        "f1_score_min": 0.026954177897574125,
        "precision_at_k_mean": 0.0,
        "precision_at_k_max": 0.0,
        "precision_at_k_min": 0.0,
        "recall_at_k_mean": 0.0,
        "recall_at_k_max": 0.0,
        "recall_at_k_min": 0.0
    },
    "Radar": {
        "auc_mean": 0.46705138036809823,
        "auc_max": 0.46705138036809823,
        "auc_min": 0.46705138036809823,
        "avg_precision_mean": 0.03524844869822703,
        "avg_precision_max": 0.03524844869822703,
        "avg_precision_min": 0.03524844869822703,
        "f1_score_mean": 0.04851752021563342,