{
    "dataset_name": "cora_fixed_sbert_1_100",
    "AdONE": {
        "auc_mean": 0.4320398773006135,
        "auc_max": 0.4320398773006135,
        "auc_min": 0.4320398773006135,
        "avg_precision_mean": 0.03891404879987289,
        "avg_precision_max": 0.03891404879987289,
        "avg_precision_min": 0.03891404879987289,
        "f1_score_mean": 0.026954177897574125,
        "f1_score_max": 0.026954177897574125,
        "f1_score_min": 0.026954177897574125,
        "precision_at_k_mean": 0.10000000149011612,
        "precision_at_k_max": 0.10000000149011612,
        "precision_at_k_min": 0.10000000149011612,
        "recall_at_k_mean": 0.019999999552965164,
        "recall_at_k_max": 0.019999999552965164,
        "recall_at_k_min": 0.019999999552965164
    },
    "ANOMALOUS": {
        "auc_mean": 0.5013132668711657,
        "auc_max": 0.5013132668711657,
        "auc_min": 0.5013132668711657,
        "avg_precision_mean": 0.03677094269763509,
        "avg_precision_max": 0.03677094269763509,
        "avg_precision_min": 0.03677094269763509,
        "f1_score_mean": 0.04851752021563342,
        "f1_score_max": 0.04851752021563342,
        "f1_score_min": 0.04851752021563342,
        "precision_at_k_mean": 0.0,
        "precision_at_k_max": 0.0,
        "precision_at_k_min": 0.0,
        "recall_at_k_mean": 0.0,
        "recall_at_k_max": 0.0,
        "recall_at_k_min": 0.0
    },
    "AnomalyDAE": {
        "auc_mean": 0.2290778374233129,
        "auc_max": 0.2290778374233129,
        "auc_min": 0.2290778374233129,
        "avg_precision_mean": 0.022603525649072663,
        "avg_precision_max": 0.022603525649072663,
        "avg_precision_min": 0.022603525649072663,
        "f1_score_mean": 0.01,
        "f1_score_max": 0.01,
        "f1_score_min": 0.01,
        "precision_at_k_mean": 0.0,
        "precision_at_k_max": 0.0,
        "precision_at_k_min": 0.0,
        "recall_at_k_mean": 0.0,
        "recall_at_k_max": 0.0,
        "recall_at_k_min": 0.0
    },
    "CoLA": {
        "auc_mean": 0.6418136503067484,
        "auc_max": 0.6418136503067484,
        "auc_min": 0.6418136503067484,
        "avg_precision_mean": 0.08443494601310798,
        "avg_precision_max": 0.08443494601310798,
        "avg_precision_min": 0.08443494601310798,
        "f1_score_mean": 0.13008130081300814,
        "f1_score_max": 0.13008130081300814,
        "f1_score_min": 0.13008130081300814,
        "precision_at_k_mean": 0.25,
        "precision_at_k_max": 0.25,
        "precision_at_k_min": 0.25,
        "recall_at_k_mean": 0.05000000074505806,
        "recall_at_k_max": 0.05000000074505806,
        "recall_at_k_min": 0.05000000074505806
    },
    "CONAD": {
        "auc_mean": 0.5419325153374233,
        "auc_max": 0.5419325153374233,
        "auc_min": 0.5419325153374233,
        "avg_precision_mean": 0.04465129644680169,
        "avg_precision_max": 0.04465129644680169,
        "avg_precision_min": 0.04465129644680169,
        "f1_score_mean": 0.07008086253369272,
        "f1_score_max": 0.07008086253369272,
        "f1_score_min": 0.07008086253369272,
        "precision_at_k_mean": 0.05000000074505806,
        "precision_at_k_max": 0.05000000074505806,
        "precision_at_k_min": 0.05000000074505806,
        "recall_at_k_mean": 0.009999999776482582,
        "recall_at_k_max": 0.009999999776482582,
        "recall_at_k_min": 0.009999999776482582
    },
    "DMGD": {
        "auc_mean": 0.5462231595092024,
        "auc_max": 0.5462231595092024,
        "auc_min": 0.5462231595092024,
        "avg_precision_mean": 0.05107331686216243,
        "avg_precision_max": 0.05107331686216243,
        "avg_precision_min": 0.05107331686216243,
        "f1_score_mean": 0.0862533692722372,
        "f1_score_max": 0.0862533692722372,
        "f1_score_min": 0.0862533692722372,
        "precision_at_k_mean": 0.15000000596046448,
        "precision_at_k_max": 0.15000000596046448,
        "precision_at_k_min": 0.15000000596046448,
        "recall_at_k_mean": 0.029999999329447746,
        "recall_at_k_max": 0.029999999329447746,
        "recall_at_k_min": 0.029999999329447746
    },
    "DOMINANT": {
        "auc_mean": 0.5378067484662576,
        "auc_max": 0.5378067484662576,
        "auc_min": 0.5378067484662576,
        "avg_precision_mean": 0.04460311338088943,
        "avg_precision_max": 0.04460311338088943,
        "avg_precision_min": 0.04460311338088943,
        "f1_score_mean": 0.07547169811320754,
        "f1_score_max": 0.07547169811320754,
        "f1_score_min": 0.07547169811320754,
        "precision_at_k_mean": 0.05000000074505806,
        "precision_at_k_max": 0.05000000074505806,
        "precision_at_k_min": 0.05000000074505806,
        "recall_at_k_mean": 0.009999999776482582,
        "recall_at_k_max": 0.009999999776482582,
        "recall_at_k_min": 0.009999999776482582
    },
    "DONE": {
        "auc_mean": 0.4555866564417178,
        "auc_max": 0.4555866564417178,
        "auc_min": 0.4555866564417178,
        "avg_precision_mean": 0.049096582177988526,
        "avg_precision_max": 0.049096582177988526,
        "avg_precision_min": 0.049096582177988526,
        "f1_score_mean": 0.0646900269541779,
        "f1_score_max": 0.0646900269541779,
        "f1_score_min": 0.0646900269541779,
        "precision_at_k_mean": 0.15000000596046448,
        "precision_at_k_max": 0.15000000596046448,
        "precision_at_k_min": 0.15000000596046448,
        "recall_at_k_mean": 0.029999999329447746,
        "recall_at_k_max": 0.029999999329447746,
        "recall_at_k_min": 0.029999999329447746
    },
    "GAE": {
        "auc_mean": 0.8616871165644172,
        "auc_max": 0.8616871165644172,
        "auc_min": 0.8616871165644172,
        "avg_precision_mean": 0.24927811692922983,
        "avg_precision_max": 0.24927811692922983,
        "avg_precision_min": 0.24927811692922983,
        "f1_score_mean": 0.2887700534759358,
        "f1_score_max": 0.2887700534759358,
        "f1_score_min": 0.2887700534759358,
        "precision_at_k_mean": 0.550000011920929,
        "precision_at_k_max": 0.550000011920929,
        "precision_at_k_min": 0.550000011920929,
        "recall_at_k_mean": 0.10999999940395355,
        "recall_at_k_max": 0.10999999940395355,
        "recall_at_k_min": 0.10999999940395355
    },
    "OCGNN": {
        "auc_mean": 0.5135352760736196,
        "auc_max": 0.5135352760736196,
        "auc_min": 0.5135352760736196,
        "avg_precision_mean": 0.03916227166182867,
        "avg_precision_max": 0.03916227166182867,
        "avg_precision_min": 0.03916227166182867,
        "f1_score_mean": 0.0759089093088294,
        "f1_score_max": 0.0759089093088294,
        "f1_score_min": 0.0759089093088294,
        "precision_at_k_mean": 0.0,
        "precision_at_k_max": 0.0,
        "precision_at_k_min": 0.0,
        "recall_at_k_mean": 0.0,
        "recall_at_k_max": 0.0,
        "recall_at_k_min": 0.0
    },
    "ONE": {
        "auc_mean": 0.46155674846625766,
        "auc_max": 0.46155674846625766,
        "auc_min": 0.46155674846625766,
        "avg_precision_mean": 0.03366656988431653,
        "avg_precision_max": 0.03366656988431653,
        "avg_precision_min": 0.03366656988431653,
        "f1_score_mean": 0.026954177897574125,
        "f1_score_max": 0.026954177897574125,
        "f1_score_min": 0.026954177897574125,
        "precision_at_k_mean": 0.0,
        "precision_at_k_max": 0.0,
        "precision_at_k_min": 0.0,
        "recall_at_k_mean": 0.0,
        "recall_at_k_max": 0.0,
        "recall_at_k_min": 0.0
    },
    "Radar": {
        "auc_mean": 0.5049328987730062,
        "auc_max": 0.5049328987730062,
        "auc_min": 0.5049328987730062,
        "avg_precision_mean": 0.03738022872565565,
        "avg_precision_max": 0.03738022872565565,
        "avg_precision_min": 0.03738022872565565,
        "f1_score_mean": 0.05390835579514825,
        "f1_score_max": 0.05390835579514825,
        "f1_score_min": 0.05390835579514825,