{
    "dataset_name": "pubmed_fixed_sbert_4_986",
    "AdONE": {
        "auc_mean": 0.7579793907183621,
        "auc_max": 0.7579793907183621,
        "auc_min": 0.7579793907183621,
        "avg_precision_mean": 0.09028324857805846,
        "avg_precision_max": 0.09028324857805846,
        "avg_precision_min": 0.09028324857805846,
        "f1_score_mean": 0.09939148073022312,
        "f1_score_max": 0.09939148073022312,
        "f1_score_min": 0.09939148073022312,
        "precision_at_k_mean": 0.0,
        "precision_at_k_max": 0.0,
        "precision_at_k_min": 0.0,
        "recall_at_k_mean": 0.0,
        "recall_at_k_max": 0.0,
        "recall_at_k_min": 0.0
    },
    "ANOMALOUS": {
        "auc_mean": 0.4827686917469202,
        "auc_max": 0.4827686917469202,
        "auc_min": 0.4827686917469202,
        "avg_precision_mean": 0.05098242722401865,
        "avg_precision_max": 0.05098242722401865,
        "avg_precision_min": 0.05098242722401865,
        "f1_score_mean": 0.08045977011494253,
        "f1_score_max": 0.08045977011494253,
        "f1_score_min": 0.08045977011494253,
        "precision_at_k_mean": 0.0,
        "precision_at_k_max": 0.0,
        "precision_at_k_min": 0.0,
        "recall_at_k_mean": 0.0,
        "recall_at_k_max": 0.0,
        "recall_at_k_min": 0.0
    },
    "AnomalyDAE": {
        "auc_mean": 0.2992924107652888,
        "auc_max": 0.2992924107652888,
        "auc_min": 0.2992924107652888,
        "avg_precision_mean": 0.03273071967840652,
        "avg_precision_max": 0.03273071967840652,
        "avg_precision_min": 0.03273071967840652,
        "f1_score_mean": 0.0,
        "f1_score_max": 0.0,
        "f1_score_min": 0.0,
        "precision_at_k_mean": 0.0,
        "precision_at_k_max": 0.0,
        "precision_at_k_min": 0.0,
        "recall_at_k_mean": 0.0,
        "recall_at_k_max": 0.0,
        "recall_at_k_min": 0.0
    },
    "CoLA": {
        "auc_mean": 0.6507834091351853,
        "auc_max": 0.6507834091351853,
        "auc_min": 0.6507834091351853,
        "avg_precision_mean": 0.11882370652700978,
        "avg_precision_max": 0.11882370652700978,
        "avg_precision_min": 0.11882370652700978,
        "f1_score_mean": 0.16061312895701432,
        "f1_score_max": 0.16061312895701432,
        "f1_score_min": 0.16061312895701432,
        "precision_at_k_mean": 0.699999988079071,
        "precision_at_k_max": 0.699999988079071,
        "precision_at_k_min": 0.699999988079071,
        "recall_at_k_mean": 0.014198782853782177,
        "recall_at_k_max": 0.014198782853782177,
        "recall_at_k_min": 0.014198782853782177
    },
    "CONAD": {
        "auc_mean": 0.6507966747751311,
        "auc_max": 0.6507966747751311,
        "auc_min": 0.6507966747751311,
        "avg_precision_mean": 0.0681687134451879,
        "avg_precision_max": 0.0681687134451879,
        "avg_precision_min": 0.0681687134451879,
        "f1_score_mean": 0.08124576844955991,
        "f1_score_max": 0.08124576844955991,
        "f1_score_min": 0.08124576844955991,
        "precision_at_k_mean": 0.0,
        "precision_at_k_max": 0.0,
        "precision_at_k_min": 0.0,
        "recall_at_k_mean": 0.0,
        "recall_at_k_max": 0.0,
        "recall_at_k_min": 0.0
    },
    "DOMINANT": {
        "auc_mean": 0.6543756632143154,
        "auc_max": 0.6543756632143154,
        "auc_min": 0.6543756632143154,
        "avg_precision_mean": 0.068995846943779,
        "avg_precision_max": 0.068995846943779,
        "avg_precision_min": 0.068995846943779,
        "f1_score_mean": 0.08116334122421373,
        "f1_score_max": 0.08116334122421373,
        "f1_score_min": 0.08116334122421373,
        "precision_at_k_mean": 0.0,
        "precision_at_k_max": 0.0,
        "precision_at_k_min": 0.0,
        "recall_at_k_mean": 0.0,
        "recall_at_k_max": 0.0,
        "recall_at_k_min": 0.0
    },
    "DONE": {
        "auc_mean": 0.7775080100099813,
        "auc_max": 0.7775080100099813,
        "auc_min": 0.7775080100099813,
        "avg_precision_mean": 0.09688673416152568,
        "avg_precision_max": 0.09688673416152568,
        "avg_precision_min": 0.09688673416152568,
        "f1_score_mean": 0.09398242055442867,
        "f1_score_max": 0.09398242055442867,
        "f1_score_min": 0.09398242055442867,
        "precision_at_k_mean": 0.0,
        "precision_at_k_max": 0.0,
        "precision_at_k_min": 0.0,
        "recall_at_k_mean": 0.0,
        "recall_at_k_max": 0.0,
        "recall_at_k_min": 0.0
    },
    "GAE": {
        "auc_mean": 0.9993896181260837,
        "auc_max": 0.9993896181260837,
        "auc_min": 0.9993896181260837,
        "avg_precision_mean": 0.9829076554607247,
        "avg_precision_max": 0.9829076554607247,
        "avg_precision_min": 0.9829076554607247,
        "f1_score_mean": 0.6657654613044948,
        "f1_score_max": 0.6657654613044948,
        "f1_score_min": 0.6657654613044948,
        "precision_at_k_mean": 0.949999988079071,
        "precision_at_k_max": 0.949999988079071,
        "precision_at_k_min": 0.949999988079071,
        "recall_at_k_mean": 0.019269777461886406,
        "recall_at_k_max": 0.019269777461886406,
        "recall_at_k_min": 0.019269777461886406
    },
    "OCGNN": {
        "auc_mean": 0.5137844618313968,
        "auc_max": 0.5137844618313968,
        "auc_min": 0.5137844618313968,
        "avg_precision_mean": 0.10633832732894441,
        "avg_precision_max": 0.10633832732894441,
        "avg_precision_min": 0.10633832732894441,
        "f1_score_mean": 0.09013398294762484,
        "f1_score_max": 0.09013398294762484,
        "f1_score_min": 0.09013398294762484,
        "precision_at_k_mean": 0.8500000238418579,
        "precision_at_k_max": 0.8500000238418579,
        "precision_at_k_min": 0.8500000238418579,
        "recall_at_k_mean": 0.017241379246115685,
        "recall_at_k_max": 0.017241379246115685,
        "recall_at_k_min": 0.017241379246115685
    },
    "ONE": {
        "auc_mean": 0.5125738232862986,
        "auc_max": 0.5125738232862986,
        "auc_min": 0.5125738232862986,
        "avg_precision_mean": 0.05124150975951547,
        "avg_precision_max": 0.05124150975951547,
        "avg_precision_min": 0.05124150975951547,
        "f1_score_mean": 0.06152805949966193,
        "f1_score_max": 0.06152805949966193,
        "f1_score_min": 0.06152805949966193,
        "precision_at_k_mean": 0.10000000149011612,
        "precision_at_k_max": 0.10000000149011612,
        "precision_at_k_min": 0.10000000149011612,
        "recall_at_k_mean": 0.0020283975172787905,
        "recall_at_k_max": 0.0020283975172787905,
        "recall_at_k_min": 0.0020283975172787905
    },
    "Radar": {
        "auc_mean": 0.45418903461119164,
        "auc_max": 0.45418903461119164,
        "auc_min": 0.45418903461119164,
        "avg_precision_mean": 0.04348670268375224,
        "avg_precision_max": 0.04348670268375224,
        "avg_precision_min": 0.04348670268375224,
        "f1_score_mean": 0.048005409060175794,
        "f1_score_max": 0.048005409060175794,
        "f1_score_min": 0.048005409060175794,
        "precision_at_k_mean": 0.0,
        "precision_at_k_max": 0.0,
        "precision_at_k_min": 0.0,
        "recall_at_k_mean": 0.0,
        "recall_at_k_max": 0.0,
        "recall_at_k_min": 0.0
    },
    "experiment_result": [
        {
            "random_seed": 42,
            "AdONE": {
                "auc_score": 0.7579793907183621,
                "avg_precision": 0.09028324857805846,
                "f1_score": 0.09939148073022312,
                "precision_at_k": 0.0,
                "recall_at_k": 0.0
            },
            "ANOMALOUS": {
                "auc_score": 0.4827686917469202,
                "avg_precision": 0.05098242722401865,
                "f1_score": 0.08045977011494253,
                "precision_at_k": 0.0,
                "recall_at_k": 0.0
            },
            "AnomalyDAE": {
                "auc_score": 0.2992924107652888,