{
    "dataset_name": "pubmed_fixed_sbert_2_986",
    "AdONE": {
        "auc_mean": 0.5451474126641704,
        "auc_max": 0.5451474126641704,
        "auc_min": 0.5451474126641704,
        "avg_precision_mean": 0.05548147857864166,
        "avg_precision_max": 0.05548147857864166,
        "avg_precision_min": 0.05548147857864166,
        "f1_score_mean": 0.07437457741717377,
        "f1_score_max": 0.07437457741717377,
        "f1_score_min": 0.07437457741717377,
        "precision_at_k_mean": 0.0,
        "precision_at_k_max": 0.0,
        "precision_at_k_min": 0.0,
        "recall_at_k_mean": 0.0,
        "recall_at_k_max": 0.0,
        "recall_at_k_min": 0.0
    },
    "ANOMALOUS": {
        "auc_mean": 0.4745123198810359,
        "auc_max": 0.4745123198810359,
        "auc_min": 0.4745123198810359,
        "avg_precision_mean": 0.0458700277142218,
        "avg_precision_max": 0.0458700277142218,
        "avg_precision_min": 0.0458700277142218,
        "f1_score_mean": 0.05476673427991886,
        "f1_score_max": 0.05476673427991886,
        "f1_score_min": 0.05476673427991886,
        "precision_at_k_mean": 0.0,
        "precision_at_k_max": 0.0,
        "precision_at_k_min": 0.0,
        "recall_at_k_mean": 0.0,
        "recall_at_k_max": 0.0,
        "recall_at_k_min": 0.0
    },
    "AnomalyDAE": {
        "auc_mean": 0.4769425039009103,
        "auc_max": 0.4769425039009103,
        "auc_min": 0.4769425039009103,
        "avg_precision_mean": 0.04400529466758868,
        "avg_precision_max": 0.04400529466758868,
        "avg_precision_min": 0.04400529466758868,
        "f1_score_mean": 0.0,
        "f1_score_max": 0.0,
        "f1_score_min": 0.0,
        "precision_at_k_mean": 0.0,
        "precision_at_k_max": 0.0,
        "precision_at_k_min": 0.0,
        "recall_at_k_mean": 0.0,
        "recall_at_k_max": 0.0,
        "recall_at_k_min": 0.0
    },
    "CoLA": {
        "auc_mean": 0.6466585260758623,
        "auc_max": 0.6466585260758623,
        "auc_min": 0.6466585260758623,
        "avg_precision_mean": 0.11387410552408397,
        "avg_precision_max": 0.11387410552408397,
        "avg_precision_min": 0.11387410552408397,
        "f1_score_mean": 0.15660252156602522,
        "f1_score_max": 0.15660252156602522,
        "f1_score_min": 0.15660252156602522,
        "precision_at_k_mean": 0.550000011920929,
        "precision_at_k_max": 0.550000011920929,
        "precision_at_k_min": 0.550000011920929,
        "recall_at_k_mean": 0.01115618646144867,
        "recall_at_k_max": 0.01115618646144867,
        "recall_at_k_min": 0.01115618646144867
    },
    "CONAD": {
        "auc_mean": 0.5372127461033401,
        "auc_max": 0.5372127461033401,
        "auc_min": 0.5372127461033401,
        "avg_precision_mean": 0.053457874529621884,
        "avg_precision_max": 0.053457874529621884,
        "avg_precision_min": 0.053457874529621884,
        "f1_score_mean": 0.06964164976335362,
        "f1_score_max": 0.06964164976335362,
        "f1_score_min": 0.06964164976335362,
        "precision_at_k_mean": 0.0,
        "precision_at_k_max": 0.0,
        "precision_at_k_min": 0.0,
        "recall_at_k_mean": 0.0,
        "recall_at_k_max": 0.0,
        "recall_at_k_min": 0.0
    },
    "DOMINANT": {
        "auc_mean": 0.515134606177803,
        "auc_max": 0.515134606177803,
        "auc_min": 0.515134606177803,
        "avg_precision_mean": 0.05137364416645462,
        "avg_precision_max": 0.05137364416645462,
        "avg_precision_min": 0.05137364416645462,
        "f1_score_mean": 0.0676132521974307,
        "f1_score_max": 0.0676132521974307,
        "f1_score_min": 0.0676132521974307,
        "precision_at_k_mean": 0.0,
        "precision_at_k_max": 0.0,
        "precision_at_k_min": 0.0,
        "recall_at_k_mean": 0.0,
        "recall_at_k_max": 0.0,
        "recall_at_k_min": 0.0
    },
    "DONE": {
        "auc_mean": 0.5267161866688874,
        "auc_max": 0.5267161866688874,
        "auc_min": 0.5267161866688874,
        "avg_precision_mean": 0.05304773506835859,
        "avg_precision_max": 0.05304773506835859,
        "avg_precision_min": 0.05304773506835859,
        "f1_score_mean": 0.07167004732927654,
        "f1_score_max": 0.07167004732927654,
        "f1_score_min": 0.07167004732927654,
        "precision_at_k_mean": 0.0,
        "precision_at_k_max": 0.0,
        "precision_at_k_min": 0.0,
        "recall_at_k_mean": 0.0,
        "recall_at_k_max": 0.0,
        "recall_at_k_min": 0.0
    },
    "GAE": {
        "auc_mean": 0.8584387013187562,
        "auc_max": 0.8584387013187562,
        "auc_min": 0.8584387013187562,
        "avg_precision_mean": 0.34065733220880506,
        "avg_precision_max": 0.34065733220880506,
        "avg_precision_min": 0.34065733220880506,
        "f1_score_mean": 0.3813702328720891,
        "f1_score_max": 0.3813702328720891,
        "f1_score_min": 0.3813702328720891,
        "precision_at_k_mean": 0.800000011920929,
        "precision_at_k_max": 0.800000011920929,
        "precision_at_k_min": 0.800000011920929,
        "recall_at_k_mean": 0.016227180138230324,
        "recall_at_k_max": 0.016227180138230324,
        "recall_at_k_min": 0.016227180138230324
    },
    "OCGNN": {
        "auc_mean": 0.500187586977928,
        "auc_max": 0.500187586977928,
        "auc_min": 0.500187586977928,
        "avg_precision_mean": 0.050086428041576966,
        "avg_precision_max": 0.050086428041576966,
        "avg_precision_min": 0.050086428041576966,
        "f1_score_mean": 0.09539027697075343,
        "f1_score_max": 0.09539027697075343,
        "f1_score_min": 0.09539027697075343,
        "precision_at_k_mean": 0.0,
        "precision_at_k_max": 0.0,
        "precision_at_k_min": 0.0,
        "recall_at_k_mean": 0.0,
        "recall_at_k_max": 0.0,
        "recall_at_k_min": 0.0
    },
    "ONE": {
        "auc_mean": 0.5125790212513386,
        "auc_max": 0.5125790212513386,
        "auc_min": 0.5125790212513386,
        "avg_precision_mean": 0.05124557726962454,
        "avg_precision_max": 0.05124557726962454,
        "avg_precision_min": 0.05124557726962454,
        "f1_score_mean": 0.06152805949966193,
        "f1_score_max": 0.06152805949966193,
        "f1_score_min": 0.06152805949966193,
        "precision_at_k_mean": 0.10000000149011612,
        "precision_at_k_max": 0.10000000149011612,
        "precision_at_k_min": 0.10000000149011612,
        "recall_at_k_mean": 0.0020283975172787905,
        "recall_at_k_max": 0.0020283975172787905,
        "recall_at_k_min": 0.0020283975172787905
    },
    "Radar": {
        "auc_mean": 0.5044148861921798,
        "auc_max": 0.5044148861921798,
        "auc_min": 0.5044148861921798,
        "avg_precision_mean": 0.0491469733190977,
        "avg_precision_max": 0.0491469733190977,
        "avg_precision_min": 0.0491469733190977,
        "f1_score_mean": 0.05476673427991886,
        "f1_score_max": 0.05476673427991886,
        "f1_score_min": 0.05476673427991886,
        "precision_at_k_mean": 0.05000000074505806,
        "precision_at_k_max": 0.05000000074505806,
        "precision_at_k_min": 0.05000000074505806,
        "recall_at_k_mean": 0.0010141987586393952,
        "recall_at_k_max": 0.0010141987586393952,
        "recall_at_k_min": 0.0010141987586393952
    },
    "experiment_result": [
        {
            "random_seed": 42,
            "AdONE": {
                "auc_score": 0.5451474126641704,
                "avg_precision": 0.05548147857864166,
                "f1_score": 0.07437457741717377,
                "precision_at_k": 0.0,
                "recall_at_k": 0.0
            },
            "ANOMALOUS": {
                "auc_score": 0.4745123198810359,
                "avg_precision": 0.0458700277142218,
                "f1_score": 0.05476673427991886,
                "precision_at_k": 0.0,
                "recall_at_k": 0.0
            },
            "AnomalyDAE": {
                "auc_score": 0.4769425039009103,