{
    "dataset_name": "pubmed_fixed_sbert_3_986",
    "AdONE": {
        "auc_mean": 0.5396763920231595,
        "auc_max": 0.5396763920231595,
        "auc_min": 0.5396763920231595,
        "avg_precision_mean": 0.054242886960017306,
        "avg_precision_max": 0.054242886960017306,
        "avg_precision_min": 0.054242886960017306,
        "f1_score_mean": 0.07099391480730223,
        "f1_score_max": 0.07099391480730223,
        "f1_score_min": 0.07099391480730223,
        "precision_at_k_mean": 0.0,
        "precision_at_k_max": 0.0,
        "precision_at_k_min": 0.0,
        "recall_at_k_mean": 0.0,
        "recall_at_k_max": 0.0,
        "recall_at_k_min": 0.0
    },
    "ANOMALOUS": {
        "auc_mean": 0.48116154593111415,
        "auc_max": 0.48116154593111415,
        "auc_min": 0.48116154593111415,
        "avg_precision_mean": 0.047301967223298096,
        "avg_precision_max": 0.047301967223298096,
        "avg_precision_min": 0.047301967223298096,
        "f1_score_mean": 0.06152805949966193,
        "f1_score_max": 0.06152805949966193,
        "f1_score_min": 0.06152805949966193,
        "precision_at_k_mean": 0.0,
        "precision_at_k_max": 0.0,
        "precision_at_k_min": 0.0,
        "recall_at_k_mean": 0.0,
        "recall_at_k_max": 0.0,
        "recall_at_k_min": 0.0
    },
    "AnomalyDAE": {
        "auc_mean": 0.48320228866400705,
        "auc_max": 0.48320228866400705,
        "auc_min": 0.48320228866400705,
        "avg_precision_mean": 0.046538242624335355,
        "avg_precision_max": 0.046538242624335355,
        "avg_precision_min": 0.046538242624335355,
        "f1_score_mean": 0.0,
        "f1_score_max": 0.0,
        "f1_score_min": 0.0,
        "precision_at_k_mean": 0.0,
        "precision_at_k_max": 0.0,
        "precision_at_k_min": 0.0,
        "recall_at_k_mean": 0.0,
        "recall_at_k_max": 0.0,
        "recall_at_k_min": 0.0
    },
    "CoLA": {
        "auc_mean": 0.6327203994029704,
        "auc_max": 0.6327203994029704,
        "auc_min": 0.6327203994029704,
        "avg_precision_mean": 0.10495602917391712,
        "avg_precision_max": 0.10495602917391712,
        "avg_precision_min": 0.10495602917391712,
        "f1_score_mean": 0.14711864406779662,
        "f1_score_max": 0.14711864406779662,
        "f1_score_min": 0.14711864406779662,
        "precision_at_k_mean": 0.6000000238418579,
        "precision_at_k_max": 0.6000000238418579,
        "precision_at_k_min": 0.6000000238418579,
        "recall_at_k_mean": 0.01217038556933403,
        "recall_at_k_max": 0.01217038556933403,
        "recall_at_k_min": 0.01217038556933403
    },
    "CONAD": {
        "auc_mean": 0.5185327487499707,
        "auc_max": 0.5185327487499707,
        "auc_min": 0.5185327487499707,
        "avg_precision_mean": 0.05155070092862022,
        "avg_precision_max": 0.05155070092862022,
        "avg_precision_min": 0.05155070092862022,
        "f1_score_mean": 0.06558485463150777,
        "f1_score_max": 0.06558485463150777,
        "f1_score_min": 0.06558485463150777,
        "precision_at_k_mean": 0.0,
        "precision_at_k_max": 0.0,
        "precision_at_k_min": 0.0,
        "recall_at_k_mean": 0.0,
        "recall_at_k_max": 0.0,
        "recall_at_k_min": 0.0
    },
    "DOMINANT": {
        "auc_mean": 0.5100019947190841,
        "auc_max": 0.5100019947190841,
        "auc_min": 0.5100019947190841,
        "avg_precision_mean": 0.050733201248360046,
        "avg_precision_max": 0.050733201248360046,
        "avg_precision_min": 0.050733201248360046,
        "f1_score_mean": 0.06434134778191669,
        "f1_score_max": 0.06434134778191669,
        "f1_score_min": 0.06434134778191669,
        "precision_at_k_mean": 0.0,
        "precision_at_k_max": 0.0,
        "precision_at_k_min": 0.0,
        "recall_at_k_mean": 0.0,
        "recall_at_k_max": 0.0,
        "recall_at_k_min": 0.0
    },
    "DONE": {
        "auc_mean": 0.5545640677888278,
        "auc_max": 0.5545640677888278,
        "auc_min": 0.5545640677888278,
        "avg_precision_mean": 0.05522807360782518,
        "avg_precision_max": 0.05522807360782518,
        "avg_precision_min": 0.05522807360782518,
        "f1_score_mean": 0.07031778228532792,
        "f1_score_max": 0.07031778228532792,
        "f1_score_min": 0.07031778228532792,
        "precision_at_k_mean": 0.0,
        "precision_at_k_max": 0.0,
        "precision_at_k_min": 0.0,
        "recall_at_k_mean": 0.0,
        "recall_at_k_max": 0.0,
        "recall_at_k_min": 0.0
    },
    "GAE": {
        "auc_mean": 0.7201675249986924,
        "auc_max": 0.7201675249986924,
        "auc_min": 0.7201675249986924,
        "avg_precision_mean": 0.13444121884043791,
        "avg_precision_max": 0.13444121884043791,
        "avg_precision_min": 0.13444121884043791,
        "f1_score_mean": 0.20591304347826087,
        "f1_score_max": 0.20591304347826087,
        "f1_score_min": 0.20591304347826087,
        "precision_at_k_mean": 0.3499999940395355,
        "precision_at_k_max": 0.3499999940395355,
        "precision_at_k_min": 0.3499999940395355,
        "recall_at_k_mean": 0.0070993914268910885,
        "recall_at_k_max": 0.0070993914268910885,
        "recall_at_k_min": 0.0070993914268910885
    },
    "OCGNN": {
        "auc_mean": 0.4989327928027243,
        "auc_max": 0.4989327928027243,
        "auc_min": 0.4989327928027243,
        "avg_precision_mean": 0.04997968050394478,
        "avg_precision_max": 0.04997968050394478,
        "avg_precision_min": 0.04997968050394478,
        "f1_score_mean": 0.09518737290597463,
        "f1_score_max": 0.09518737290597463,
        "f1_score_min": 0.09518737290597463,
        "precision_at_k_mean": 0.0,
        "precision_at_k_max": 0.0,
        "precision_at_k_min": 0.0,
        "recall_at_k_mean": 0.0,
        "recall_at_k_max": 0.0,
        "recall_at_k_min": 0.0
    },
    "ONE": {
        "auc_mean": 0.5125847065256012,
        "auc_max": 0.5125847065256012,
        "auc_min": 0.5125847065256012,
        "avg_precision_mean": 0.05124424722357339,
        "avg_precision_max": 0.05124424722357339,
        "avg_precision_min": 0.05124424722357339,
        "f1_score_mean": 0.06152805949966193,
        "f1_score_max": 0.06152805949966193,
        "f1_score_min": 0.06152805949966193,
        "precision_at_k_mean": 0.10000000149011612,
        "precision_at_k_max": 0.10000000149011612,
        "precision_at_k_min": 0.10000000149011612,
        "recall_at_k_mean": 0.0020283975172787905,
        "recall_at_k_max": 0.0020283975172787905,
        "recall_at_k_min": 0.0020283975172787905
    },
    "Radar": {
        "auc_mean": 0.5002518576498289,
        "auc_max": 0.5002518576498289,
        "auc_min": 0.5002518576498289,
        "avg_precision_mean": 0.050756348112011254,
        "avg_precision_max": 0.050756348112011254,
        "avg_precision_min": 0.050756348112011254,
        "f1_score_mean": 0.06626098715348208,
        "f1_score_max": 0.06626098715348208,
        "f1_score_min": 0.06626098715348208,
        "precision_at_k_mean": 0.05000000074505806,
        "precision_at_k_max": 0.05000000074505806,
        "precision_at_k_min": 0.05000000074505806,
        "recall_at_k_mean": 0.0010141987586393952,
        "recall_at_k_max": 0.0010141987586393952,
        "recall_at_k_min": 0.0010141987586393952
    },
    "experiment_result": [
        {
            "random_seed": 42,
            "AdONE": {
                "auc_score": 0.5396763920231595,
                "avg_precision": 0.054242886960017306,
                "f1_score": 0.07099391480730223,
                "precision_at_k": 0.0,
                "recall_at_k": 0.0
            },
            "ANOMALOUS": {
                "auc_score": 0.48116154593111415,
                "avg_precision": 0.047301967223298096,
                "f1_score": 0.06152805949966193,
                "precision_at_k": 0.0,
                "recall_at_k": 0.0
            },