{
    "dataset_name": "wikics_fixed_sbert_3_585",
    "AdONE": {
        "auc_mean": 0.491819906933257,
        "auc_max": 0.491819906933257,
        "auc_min": 0.491819906933257,
        "avg_precision_mean": 0.04917587804200947,
        "avg_precision_max": 0.04917587804200947,
        "avg_precision_min": 0.04917587804200947,
        "f1_score_mean": 0.06495726495726496,
        "f1_score_max": 0.06495726495726496,
        "f1_score_min": 0.06495726495726496,
        "precision_at_k_mean": 0.05000000074505806,
        "precision_at_k_max": 0.05000000074505806,
        "precision_at_k_min": 0.05000000074505806,
        "recall_at_k_mean": 0.0017094017239287496,
        "recall_at_k_max": 0.0017094017239287496,
        "recall_at_k_min": 0.0017094017239287496
    },
    "ANOMALOUS": {
        "auc_mean": 0.5130535641240932,
        "auc_max": 0.5130535641240932,
        "auc_min": 0.5130535641240932,
        "avg_precision_mean": 0.05142136158784502,
        "avg_precision_max": 0.05142136158784502,
        "avg_precision_min": 0.05142136158784502,
        "f1_score_mean": 0.07065527065527065,
        "f1_score_max": 0.07065527065527065,
        "f1_score_min": 0.07065527065527065,
        "precision_at_k_mean": 0.0,
        "precision_at_k_max": 0.0,
        "precision_at_k_min": 0.0,
        "recall_at_k_mean": 0.0,
        "recall_at_k_max": 0.0,
        "recall_at_k_min": 0.0
    },
    "AnomalyDAE": {
        "auc_mean": 0.5303430336805652,
        "auc_max": 0.5303430336805652,
        "auc_min": 0.5303430336805652,
        "avg_precision_mean": 0.05533405786254788,
        "avg_precision_max": 0.05533405786254788,
        "avg_precision_min": 0.05533405786254788,
        "f1_score_mean": 0.0,
        "f1_score_max": 0.0,
        "f1_score_min": 0.0,
        "precision_at_k_mean": 0.0,
        "precision_at_k_max": 0.0,
        "precision_at_k_min": 0.0,
        "recall_at_k_mean": 0.0,
        "recall_at_k_max": 0.0,
        "recall_at_k_min": 0.0
    },
    "CoLA": {
        "auc_mean": 0.5595853978095793,
        "auc_max": 0.5595853978095793,
        "auc_min": 0.5595853978095793,
        "avg_precision_mean": 0.08095786938159658,
        "avg_precision_max": 0.08095786938159658,
        "avg_precision_min": 0.08095786938159658,
        "f1_score_mean": 0.13239601640304627,
        "f1_score_max": 0.13239601640304627,
        "f1_score_min": 0.13239601640304627,
        "precision_at_k_mean": 0.4000000059604645,
        "precision_at_k_max": 0.4000000059604645,
        "precision_at_k_min": 0.4000000059604645,
        "recall_at_k_mean": 0.013675213791429996,
        "recall_at_k_max": 0.013675213791429996,
        "recall_at_k_min": 0.013675213791429996
    },
    "CONAD": {
        "auc_mean": 0.5086775664861307,
        "auc_max": 0.5086775664861307,
        "auc_min": 0.5086775664861307,
        "avg_precision_mean": 0.05235803319214393,
        "avg_precision_max": 0.05235803319214393,
        "avg_precision_min": 0.05235803319214393,
        "f1_score_mean": 0.07780320366132723,
        "f1_score_max": 0.07780320366132723,
        "f1_score_min": 0.07780320366132723,
        "precision_at_k_mean": 0.0,
        "precision_at_k_max": 0.0,
        "precision_at_k_min": 0.0,
        "recall_at_k_mean": 0.0,
        "recall_at_k_max": 0.0,
        "recall_at_k_min": 0.0
    },
    "DOMINANT": {
        "auc_mean": 0.5068639029596208,
        "auc_max": 0.5068639029596208,
        "auc_min": 0.5068639029596208,
        "avg_precision_mean": 0.051375529450783525,
        "avg_precision_max": 0.051375529450783525,
        "avg_precision_min": 0.051375529450783525,
        "f1_score_mean": 0.07420091324200913,
        "f1_score_max": 0.07420091324200913,
        "f1_score_min": 0.07420091324200913,
        "precision_at_k_mean": 0.0,
        "precision_at_k_max": 0.0,
        "precision_at_k_min": 0.0,
        "recall_at_k_mean": 0.0,
        "recall_at_k_max": 0.0,
        "recall_at_k_min": 0.0
    },
    "DONE": {
        "auc_mean": 0.5029237135660309,
        "auc_max": 0.5029237135660309,
        "auc_min": 0.5029237135660309,
        "avg_precision_mean": 0.05069943705054559,
        "avg_precision_max": 0.05069943705054559,
        "avg_precision_min": 0.05069943705054559,
        "f1_score_mean": 0.06837606837606838,
        "f1_score_max": 0.06837606837606838,
        "f1_score_min": 0.06837606837606838,
        "precision_at_k_mean": 0.05000000074505806,
        "precision_at_k_max": 0.05000000074505806,
        "precision_at_k_min": 0.05000000074505806,
        "recall_at_k_mean": 0.0017094017239287496,
        "recall_at_k_max": 0.0017094017239287496,
        "recall_at_k_min": 0.0017094017239287496
    },
    "GAE": {
        "auc_mean": 0.528160609331894,
        "auc_max": 0.528160609331894,
        "auc_min": 0.528160609331894,
        "avg_precision_mean": 0.05488616808408578,
        "avg_precision_max": 0.05488616808408578,
        "avg_precision_min": 0.05488616808408578,
        "f1_score_mean": 0.07097882083571837,
        "f1_score_max": 0.07097882083571837,
        "f1_score_min": 0.07097882083571837,
        "precision_at_k_mean": 0.0,
        "precision_at_k_max": 0.0,
        "precision_at_k_min": 0.0,
        "recall_at_k_mean": 0.0,
        "recall_at_k_max": 0.0,
        "recall_at_k_min": 0.0
    },
    "OCGNN": {
        "auc_mean": 0.4991088536428587,
        "auc_max": 0.4991088536428587,
        "auc_min": 0.4991088536428587,
        "avg_precision_mean": 0.05008486711476302,
        "avg_precision_max": 0.05008486711476302,
        "avg_precision_min": 0.05008486711476302,
        "f1_score_mean": 0.09546422138529556,
        "f1_score_max": 0.09546422138529556,
        "f1_score_min": 0.09546422138529556,
        "precision_at_k_mean": 0.0,
        "precision_at_k_max": 0.0,
        "precision_at_k_min": 0.0,
        "recall_at_k_mean": 0.0,
        "recall_at_k_max": 0.0,
        "recall_at_k_min": 0.0
    },
    "ONE": {
        "auc_mean": 0.4838943172696321,
        "auc_max": 0.4838943172696321,
        "auc_min": 0.4838943172696321,
        "avg_precision_mean": 0.04951089501710251,
        "avg_precision_max": 0.04951089501710251,
        "avg_precision_min": 0.04951089501710251,
        "f1_score_mean": 0.07407407407407407,
        "f1_score_max": 0.07407407407407407,
        "f1_score_min": 0.07407407407407407,
        "precision_at_k_mean": 0.0,
        "precision_at_k_max": 0.0,
        "precision_at_k_min": 0.0,
        "recall_at_k_mean": 0.0,
        "recall_at_k_max": 0.0,
        "recall_at_k_min": 0.0
    },
    "Radar": {
        "auc_mean": 0.4984514505925085,
        "auc_max": 0.4984514505925085,
        "auc_min": 0.4984514505925085,
        "avg_precision_mean": 0.05054791002028426,
        "avg_precision_max": 0.05054791002028426,
        "avg_precision_min": 0.05054791002028426,
        "f1_score_mean": 0.06837606837606838,
        "f1_score_max": 0.06837606837606838,
        "f1_score_min": 0.06837606837606838,
        "precision_at_k_mean": 0.0,
        "precision_at_k_max": 0.0,
        "precision_at_k_min": 0.0,
        "recall_at_k_mean": 0.0,
        "recall_at_k_max": 0.0,
        "recall_at_k_min": 0.0
    },
    "experiment_result": [
        {
            "random_seed": 42,
            "AdONE": {
                "auc_score": 0.491819906933257,
                "avg_precision": 0.04917587804200947,
                "f1_score": 0.06495726495726496,
                "precision_at_k": 0.05000000074505806,
                "recall_at_k": 0.0017094017239287496
            },
            "ANOMALOUS": {
                "auc_score": 0.5130535641240932,
                "avg_precision": 0.05142136158784502,
                "f1_score": 0.07065527065527065,
                "precision_at_k": 0.0,
                "recall_at_k": 0.0
            },
            "AnomalyDAE": {
                "auc_score": 0.5303430336805652,
                "avg_precision": 0.05533405786254788,