{
    "dataset_name": "wikics_fixed_sbert_2_585",
    "AdONE": {
        "auc_mean": 0.570063864207441,
        "auc_max": 0.570063864207441,
        "auc_min": 0.570063864207441,
        "avg_precision_mean": 0.05723906041822811,
        "avg_precision_max": 0.05723906041822811,
        "avg_precision_min": 0.05723906041822811,
        "f1_score_mean": 0.07065527065527065,
        "f1_score_max": 0.07065527065527065,
        "f1_score_min": 0.07065527065527065,
        "precision_at_k_mean": 0.05000000074505806,
        "precision_at_k_max": 0.05000000074505806,
        "precision_at_k_min": 0.05000000074505806,
        "recall_at_k_mean": 0.0017094017239287496,
        "recall_at_k_max": 0.0017094017239287496,
        "recall_at_k_min": 0.0017094017239287496
    },
    "ANOMALOUS": {
        "auc_mean": 0.485374127691508,
        "auc_max": 0.485374127691508,
        "auc_min": 0.485374127691508,
        "avg_precision_mean": 0.04799720376419835,
        "avg_precision_max": 0.04799720376419835,
        "avg_precision_min": 0.04799720376419835,
        "f1_score_mean": 0.05698005698005698,
        "f1_score_max": 0.05698005698005698,
        "f1_score_min": 0.05698005698005698,
        "precision_at_k_mean": 0.0,
        "precision_at_k_max": 0.0,
        "precision_at_k_min": 0.0,
        "recall_at_k_mean": 0.0,
        "recall_at_k_max": 0.0,
        "recall_at_k_min": 0.0
    },
    "AnomalyDAE": {
        "auc_mean": 0.44241802837520716,
        "auc_max": 0.44241802837520716,
        "auc_min": 0.44241802837520716,
        "avg_precision_mean": 0.04334446675963231,
        "avg_precision_max": 0.04334446675963231,
        "avg_precision_min": 0.04334446675963231,
        "f1_score_mean": 0.0,
        "f1_score_max": 0.0,
        "f1_score_min": 0.0,
        "precision_at_k_mean": 0.10000000149011612,
        "precision_at_k_max": 0.10000000149011612,
        "precision_at_k_min": 0.10000000149011612,
        "recall_at_k_mean": 0.003418803447857499,
        "recall_at_k_max": 0.003418803447857499,
        "recall_at_k_min": 0.003418803447857499
    },
    "CoLA": {
        "auc_mean": 0.6474715740458814,
        "auc_max": 0.6474715740458814,
        "auc_min": 0.6474715740458814,
        "avg_precision_mean": 0.13073999137122333,
        "avg_precision_max": 0.13073999137122333,
        "avg_precision_min": 0.13073999137122333,
        "f1_score_mean": 0.19047619047619047,
        "f1_score_max": 0.19047619047619047,
        "f1_score_min": 0.19047619047619047,
        "precision_at_k_mean": 0.5,
        "precision_at_k_max": 0.5,
        "precision_at_k_min": 0.5,
        "recall_at_k_mean": 0.017094017937779427,
        "recall_at_k_max": 0.017094017937779427,
        "recall_at_k_min": 0.017094017937779427
    },
    "CONAD": {
        "auc_mean": 0.5293452419397005,
        "auc_max": 0.5293452419397005,
        "auc_min": 0.5293452419397005,
        "avg_precision_mean": 0.05536850827847457,
        "avg_precision_max": 0.05536850827847457,
        "avg_precision_min": 0.05536850827847457,
        "f1_score_mean": 0.08566533409480297,
        "f1_score_max": 0.08566533409480297,
        "f1_score_min": 0.08566533409480297,
        "precision_at_k_mean": 0.0,
        "precision_at_k_max": 0.0,
        "precision_at_k_min": 0.0,
        "recall_at_k_mean": 0.0,
        "recall_at_k_max": 0.0,
        "recall_at_k_min": 0.0
    },
    "DOMINANT": {
        "auc_mean": 0.5262183100974034,
        "auc_max": 0.5262183100974034,
        "auc_min": 0.5262183100974034,
        "avg_precision_mean": 0.053914329957180485,
        "avg_precision_max": 0.053914329957180485,
        "avg_precision_min": 0.053914329957180485,
        "f1_score_mean": 0.07538549400342662,
        "f1_score_max": 0.07538549400342662,
        "f1_score_min": 0.07538549400342662,
        "precision_at_k_mean": 0.0,
        "precision_at_k_max": 0.0,
        "precision_at_k_min": 0.0,
        "recall_at_k_mean": 0.0,
        "recall_at_k_max": 0.0,
        "recall_at_k_min": 0.0
    },
    "DONE": {
        "auc_mean": 0.48205158960826466,
        "auc_max": 0.48205158960826466,
        "auc_min": 0.48205158960826466,
        "avg_precision_mean": 0.050173204868634004,
        "avg_precision_max": 0.050173204868634004,
        "avg_precision_min": 0.050173204868634004,
        "f1_score_mean": 0.07065527065527065,
        "f1_score_max": 0.07065527065527065,
        "f1_score_min": 0.07065527065527065,
        "precision_at_k_mean": 0.10000000149011612,
        "precision_at_k_max": 0.10000000149011612,
        "precision_at_k_min": 0.10000000149011612,
        "recall_at_k_mean": 0.003418803447857499,
        "recall_at_k_max": 0.003418803447857499,
        "recall_at_k_min": 0.003418803447857499
    },
    "GAE": {
        "auc_mean": 0.9146866148125593,
        "auc_max": 0.9146866148125593,
        "auc_min": 0.9146866148125593,
        "avg_precision_mean": 0.5996150930698806,
        "avg_precision_max": 0.5996150930698806,
        "avg_precision_min": 0.5996150930698806,
        "f1_score_mean": 0.47828604516502604,
        "f1_score_max": 0.47828604516502604,
        "f1_score_min": 0.47828604516502604,
        "precision_at_k_mean": 0.800000011920929,
        "precision_at_k_max": 0.800000011920929,
        "precision_at_k_min": 0.800000011920929,
        "recall_at_k_mean": 0.027350427582859993,
        "recall_at_k_max": 0.027350427582859993,
        "recall_at_k_min": 0.027350427582859993
    },
    "OCGNN": {
        "auc_mean": 0.503908280356643,
        "auc_max": 0.503908280356643,
        "auc_min": 0.503908280356643,
        "avg_precision_mean": 0.05132126527637113,
        "avg_precision_max": 0.05132126527637113,
        "avg_precision_min": 0.05132126527637113,
        "f1_score_mean": 0.09524588822518615,
        "f1_score_max": 0.09524588822518615,
        "f1_score_min": 0.09524588822518615,
        "precision_at_k_mean": 0.15000000596046448,
        "precision_at_k_max": 0.15000000596046448,
        "precision_at_k_min": 0.15000000596046448,
        "recall_at_k_mean": 0.0051282052882015705,
        "recall_at_k_max": 0.0051282052882015705,
        "recall_at_k_min": 0.0051282052882015705
    },
    "ONE": {
        "auc_mean": 0.48389785417493225,
        "auc_max": 0.48389785417493225,
        "auc_min": 0.48389785417493225,
        "avg_precision_mean": 0.04951535308074136,
        "avg_precision_max": 0.04951535308074136,
        "avg_precision_min": 0.04951535308074136,
        "f1_score_mean": 0.07407407407407407,
        "f1_score_max": 0.07407407407407407,
        "f1_score_min": 0.07407407407407407,
        "precision_at_k_mean": 0.0,
        "precision_at_k_max": 0.0,
        "precision_at_k_min": 0.0,
        "recall_at_k_mean": 0.0,
        "recall_at_k_max": 0.0,
        "recall_at_k_min": 0.0
    },
    "Radar": {
        "auc_mean": 0.4849053339607496,
        "auc_max": 0.4849053339607496,
        "auc_min": 0.4849053339607496,
        "avg_precision_mean": 0.04941819052305195,
        "avg_precision_max": 0.04941819052305195,
        "avg_precision_min": 0.04941819052305195,
        "f1_score_mean": 0.05014245014245014,
        "f1_score_max": 0.05014245014245014,
        "f1_score_min": 0.05014245014245014,
        "precision_at_k_mean": 0.05000000074505806,
        "precision_at_k_max": 0.05000000074505806,
        "precision_at_k_min": 0.05000000074505806,
        "recall_at_k_mean": 0.0017094017239287496,
        "recall_at_k_max": 0.0017094017239287496,
        "recall_at_k_min": 0.0017094017239287496
    },
    "experiment_result": [
        {
            "random_seed": 42,
            "AdONE": {
                "auc_score": 0.570063864207441,
                "avg_precision": 0.05723906041822811,
                "f1_score": 0.07065527065527065,
                "precision_at_k": 0.05000000074505806,
                "recall_at_k": 0.0017094017239287496
            },