{
    "dataset_name": "wikics_fixed_sbert_4_585",
    "AdONE": {
        "auc_mean": 0.6140003014058429,
        "auc_max": 0.6140003014058429,
        "auc_min": 0.6140003014058429,
        "avg_precision_mean": 0.061195489378311506,
        "avg_precision_max": 0.061195489378311506,
        "avg_precision_min": 0.061195489378311506,
        "f1_score_mean": 0.07179487179487179,
        "f1_score_max": 0.07179487179487179,
        "f1_score_min": 0.07179487179487179,
        "precision_at_k_mean": 0.05000000074505806,
        "precision_at_k_max": 0.05000000074505806,
        "precision_at_k_min": 0.05000000074505806,
        "recall_at_k_mean": 0.0017094017239287496,
        "recall_at_k_max": 0.0017094017239287496,
        "recall_at_k_min": 0.0017094017239287496
    },
    "ANOMALOUS": {
        "auc_mean": 0.4989165536394755,
        "auc_max": 0.4989165536394755,
        "auc_min": 0.4989165536394755,
        "avg_precision_mean": 0.05474180442941939,
        "avg_precision_max": 0.05474180442941939,
        "avg_precision_min": 0.05474180442941939,
        "f1_score_mean": 0.07407407407407407,
        "f1_score_max": 0.07407407407407407,
        "f1_score_min": 0.07407407407407407,
        "precision_at_k_mean": 0.05000000074505806,
        "precision_at_k_max": 0.05000000074505806,
        "precision_at_k_min": 0.05000000074505806,
        "recall_at_k_mean": 0.0017094017239287496,
        "recall_at_k_max": 0.0017094017239287496,
        "recall_at_k_min": 0.0017094017239287496
    },
    "AnomalyDAE": {
        "auc_mean": 0.4090279507785805,
        "auc_max": 0.4090279507785805,
        "auc_min": 0.4090279507785805,
        "avg_precision_mean": 0.038927888051579596,
        "avg_precision_max": 0.038927888051579596,
        "avg_precision_min": 0.038927888051579596,
        "f1_score_mean": 0.0,
        "f1_score_max": 0.0,
        "f1_score_min": 0.0,
        "precision_at_k_mean": 0.0,
        "precision_at_k_max": 0.0,
        "precision_at_k_min": 0.0,
        "recall_at_k_mean": 0.0,
        "recall_at_k_max": 0.0,
        "recall_at_k_min": 0.0
    },
    "CoLA": {
        "auc_mean": 0.6331044340490184,
        "auc_max": 0.6331044340490184,
        "auc_min": 0.6331044340490184,
        "avg_precision_mean": 0.11083227005283117,
        "avg_precision_max": 0.11083227005283117,
        "avg_precision_min": 0.11083227005283117,
        "f1_score_mean": 0.16417016177351706,
        "f1_score_max": 0.16417016177351706,
        "f1_score_min": 0.16417016177351706,
        "precision_at_k_mean": 0.44999998807907104,
        "precision_at_k_max": 0.44999998807907104,
        "precision_at_k_min": 0.44999998807907104,
        "recall_at_k_mean": 0.015384615398943424,
        "recall_at_k_max": 0.015384615398943424,
        "recall_at_k_min": 0.015384615398943424
    },
    "CONAD": {
        "auc_mean": 0.5311835869140654,
        "auc_max": 0.5311835869140654,
        "auc_min": 0.5311835869140654,
        "avg_precision_mean": 0.055863026299626486,
        "avg_precision_max": 0.055863026299626486,
        "avg_precision_min": 0.055863026299626486,
        "f1_score_mean": 0.08904109589041095,
        "f1_score_max": 0.08904109589041095,
        "f1_score_min": 0.08904109589041095,
        "precision_at_k_mean": 0.0,
        "precision_at_k_max": 0.0,
        "precision_at_k_min": 0.0,
        "recall_at_k_mean": 0.0,
        "recall_at_k_max": 0.0,
        "recall_at_k_min": 0.0
    },
    "DOMINANT": {
        "auc_mean": 0.5283507564363988,
        "auc_max": 0.5283507564363988,
        "auc_min": 0.5283507564363988,
        "avg_precision_mean": 0.0542351383400112,
        "avg_precision_max": 0.0542351383400112,
        "avg_precision_min": 0.0542351383400112,
        "f1_score_mean": 0.07639680729760548,
        "f1_score_max": 0.07639680729760548,
        "f1_score_min": 0.07639680729760548,
        "precision_at_k_mean": 0.0,
        "precision_at_k_max": 0.0,
        "precision_at_k_min": 0.0,
        "recall_at_k_mean": 0.0,
        "recall_at_k_max": 0.0,
        "recall_at_k_min": 0.0
    },
    "DONE": {
        "auc_mean": 0.6507779653875372,
        "auc_max": 0.6507779653875372,
        "auc_min": 0.6507779653875372,
        "avg_precision_mean": 0.0674356199443479,
        "avg_precision_max": 0.0674356199443479,
        "avg_precision_min": 0.0674356199443479,
        "f1_score_mean": 0.07293447293447293,
        "f1_score_max": 0.07293447293447293,
        "f1_score_min": 0.07293447293447293,
        "precision_at_k_mean": 0.10000000149011612,
        "precision_at_k_max": 0.10000000149011612,
        "precision_at_k_min": 0.10000000149011612,
        "recall_at_k_mean": 0.003418803447857499,
        "recall_at_k_max": 0.003418803447857499,
        "recall_at_k_min": 0.003418803447857499
    },
    "GAE": {
        "auc_mean": 0.9884428543748444,
        "auc_max": 0.9884428543748444,
        "auc_min": 0.9884428543748444,
        "avg_precision_mean": 0.8496066088370914,
        "avg_precision_max": 0.8496066088370914,
        "avg_precision_min": 0.8496066088370914,
        "f1_score_mean": 0.6488060570762959,
        "f1_score_max": 0.6488060570762959,
        "f1_score_min": 0.6488060570762959,
        "precision_at_k_mean": 0.75,
        "precision_at_k_max": 0.75,
        "precision_at_k_min": 0.75,
        "recall_at_k_mean": 0.025641025975346565,
        "recall_at_k_max": 0.025641025975346565,
        "recall_at_k_min": 0.025641025975346565
    },
    "OCGNN": {
        "auc_mean": 0.50305450217289,
        "auc_max": 0.50305450217289,
        "auc_min": 0.50305450217289,
        "avg_precision_mean": 0.05133773580129945,
        "avg_precision_max": 0.05133773580129945,
        "avg_precision_min": 0.05133773580129945,
        "f1_score_mean": 0.0949418890162056,
        "f1_score_max": 0.0949418890162056,
        "f1_score_min": 0.0949418890162056,
        "precision_at_k_mean": 0.10000000149011612,
        "precision_at_k_max": 0.10000000149011612,
        "precision_at_k_min": 0.10000000149011612,
        "recall_at_k_mean": 0.003418803447857499,
        "recall_at_k_max": 0.003418803447857499,
        "recall_at_k_min": 0.003418803447857499
    },
    "ONE": {
        "auc_mean": 0.4839007759662671,
        "auc_max": 0.4839007759662671,
        "auc_min": 0.4839007759662671,
        "avg_precision_mean": 0.04951394357551374,
        "avg_precision_max": 0.04951394357551374,
        "avg_precision_min": 0.04951394357551374,
        "f1_score_mean": 0.07407407407407407,
        "f1_score_max": 0.07407407407407407,
        "f1_score_min": 0.07407407407407407,
        "precision_at_k_mean": 0.0,
        "precision_at_k_max": 0.0,
        "precision_at_k_min": 0.0,
        "recall_at_k_mean": 0.0,
        "recall_at_k_max": 0.0,
        "recall_at_k_min": 0.0
    },
    "Radar": {
        "auc_mean": 0.4798695497058218,
        "auc_max": 0.4798695497058218,
        "auc_min": 0.4798695497058218,
        "avg_precision_mean": 0.048303208212478285,
        "avg_precision_max": 0.048303208212478285,
        "avg_precision_min": 0.048303208212478285,
        "f1_score_mean": 0.05584045584045584,
        "f1_score_max": 0.05584045584045584,
        "f1_score_min": 0.05584045584045584,
        "precision_at_k_mean": 0.0,
        "precision_at_k_max": 0.0,
        "precision_at_k_min": 0.0,
        "recall_at_k_mean": 0.0,
        "recall_at_k_max": 0.0,
        "recall_at_k_min": 0.0
    },
    "experiment_result": [
        {
            "random_seed": 42,
            "AdONE": {
                "auc_score": 0.6140003014058429,
                "avg_precision": 0.061195489378311506,
                "f1_score": 0.07179487179487179,
                "precision_at_k": 0.05000000074505806,
                "recall_at_k": 0.0017094017239287496
            },
            "ANOMALOUS": {
                "auc_score": 0.4989165536394755,
                "avg_precision": 0.05474180442941939,